    Blocking waiting for file lock on build directory
   Compiling ring v0.17.14
   Compiling openssl-sys v0.9.117
   Compiling rustls v0.23.45
   Compiling rustls-webpki v0.103.15
   Compiling ureq v3.4.0
   Compiling medscale-network v0.1.0 (C:\Users\Shehr\work\MedScale-074\crates\medscale-network)
   Compiling libsqlite3-sys v0.35.0
   Compiling rusqlite v0.37.0
   Compiling medscale-storage v0.1.0 (C:\Users\Shehr\work\MedScale-074\crates\medscale-storage)
   Compiling medscale-core v0.1.0 (C:\Users\Shehr\work\MedScale-074\crates\medscale-core)
warning: linker stdout: libopenssl_sys-26e3a0c30580cfb6.rlib(libcrypto-lib-cversion.obj) : warning LNK4099: PDB 'ossl_static.pdb' was not found with 'libopenssl_sys-26e3a0c30580cfb6.rlib(libcrypto-lib-cversion.obj)' or at 'C:\Users\Shehr\work\MedScale-074\target\debug\deps\ossl_static.pdb'; linking object as if no debug infoΓÉì
         libopenssl_sys-26e3a0c30580cfb6.rlib(libcrypto-lib-obj_dat.obj) : warning LNK4099: PDB 'ossl_static.pdb' was not found with 'libopenssl_sys-26e3a0c30580cfb6.rlib(libcrypto-lib-obj_dat.obj)' or at 'C:\Users\Shehr\work\MedScale-074\target\debug\deps\ossl_static.pdb'; linking object as if no debug infoΓÉì
         libopenssl_sys-26e3a0c30580cfb6.rlib(libcrypto-lib-evp_lib.obj) : warning LNK4099: PDB 'ossl_static.pdb' was not found with 'libopenssl_sys-26e3a0c30580cfb6.rlib(libcrypto-lib-evp_lib.obj)' or at 'C:\Users\Shehr\work\MedScale-074\target\debug\deps\ossl_static.pdb'; linking object as if no debug infoΓÉì
         libopenssl_sys-26e3a0c30580cfb6.rlib(libcrypto-lib-evp_enc.obj) : warning LNK4099: PDB 'ossl_static.pdb' was not found with 'libopenssl_sys-26e3a0c30580cfb6.rlib(libcrypto-lib-evp_enc.obj)' or at 'C:\Users\Shehr\work\MedScale-074\target\debug\deps\ossl_static.pdb'; linking object as if no debug infoΓÉì
         libopenssl_sys-26e3a0c30580cfb6.rlib(libcrypto-lib-legacy_sha.obj) : warning LNK4099: PDB 'ossl_static.pdb' was not found with 'libopenssl_sys-26e3a0c30580cfb6.rlib(libcrypto-lib-legacy_sha.obj)' or at 'C:\Users\Shehr\work\MedScale-074\target\debug\deps\ossl_static.pdb'; linking object as if no debug infoΓÉì
         libopenssl_sys-26e3a0c30580cfb6.rlib(libcrypto-lib-e_aes.obj) : warning LNK4099: PDB 'ossl_static.pdb' was not found with 'libopenssl_sys-26e3a0c30580cfb6.rlib(libcrypto-lib-e_aes.obj)' or at 'C:\Users\Shehr\work\MedScale-074\target\debug\deps\ossl_static.pdb'; linking object as if no debug infoΓÉì
         libopenssl_sys-26e3a0c30580cfb6.rlib(libcrypto-lib-mac_meth.obj) : warning LNK4099: PDB 'ossl_static.pdb' was not found with 'libopenssl_sys-26e3a0c30580cfb6.rlib(libcrypto-lib-mac_meth.obj)' or at 'C:\Users\Shehr\work\MedScale-074\target\debug\deps\ossl_static.pdb'; linking object as if no debug infoΓÉì
         libopenssl_sys-26e3a0c30580cfb6.rlib(libcrypto-lib-mac_lib.obj) : warning LNK4099: PDB 'ossl_static.pdb' was not found with 'libopenssl_sys-26e3a0c30580cfb6.rlib(libcrypto-lib-mac_lib.obj)' or at 'C:\Users\Shehr\work\MedScale-074\target\debug\deps\ossl_static.pdb'; linking object as if no debug infoΓÉì
         libopenssl_sys-26e3a0c30580cfb6.rlib(libcrypto-lib-p5_crpt2.obj) : warning LNK4099: PDB 'ossl_static.pdb' was not found with 'libopenssl_sys-26e3a0c30580cfb6.rlib(libcrypto-lib-p5_crpt2.obj)' or at 'C:\Users\Shehr\work\MedScale-074\target\debug\deps\ossl_static.pdb'; linking object as if no debug infoΓÉì
         libopenssl_sys-26e3a0c30580cfb6.rlib(libcrypto-lib-rand_lib.obj) : warning LNK4099: PDB 'ossl_static.pdb' was not found with 'libopenssl_sys-26e3a0c30580cfb6.rlib(libcrypto-lib-rand_lib.obj)' or at 'C:\Users\Shehr\work\MedScale-074\target\debug\deps\ossl_static.pdb'; linking object as if no debug infoΓÉì
         libopenssl_sys-26e3a0c30580cfb6.rlib(libcrypto-lib-err.obj) : warning LNK4099: PDB 'ossl_static.pdb' was not found with 'libopenssl_sys-26e3a0c30580cfb6.rlib(libcrypto-lib-err.obj)' or at 'C:\Users\Shehr\work\MedScale-074\target\debug\deps\ossl_static.pdb'; linking object as if no debug infoΓÉì
         libopenssl_sys-26e3a0c30580cfb6.rlib(libcrypto-lib-info.obj) : warning LNK4099: PDB 'ossl_static.pdb' was not found with 'libopenssl_sys-26e3a0c30580cfb6.rlib(libcrypto-lib-info.obj)' or at 'C:\Users\Shehr\work\MedScale-074\target\debug\deps\ossl_static.pdb'; linking object as if no debug infoΓÉì
         libopenssl_sys-26e3a0c30580cfb6.rlib(libcrypto-lib-ctype.obj) : warning LNK4099: PDB 'ossl_static.pdb' was not found with 'libopenssl_sys-26e3a0c30580cfb6.rlib(libcrypto-lib-ctype.obj)' or at 'C:\Users\Shehr\work\MedScale-074\target\debug\deps\ossl_static.pdb'; linking object as if no debug infoΓÉì
         libopenssl_sys-26e3a0c30580cfb6.rlib(libcrypto-lib-threads_win.obj) : warning LNK4099: PDB 'ossl_static.pdb' was not found with 'libopenssl_sys-26e3a0c30580cfb6.rlib(libcrypto-lib-threads_win.obj)' or at 'C:\Users\Shehr\work\MedScale-074\target\debug\deps\ossl_static.pdb'; linking object as if no debug infoΓÉì
         libopenssl_sys-26e3a0c30580cfb6.rlib(libcrypto-lib-o_str.obj) : warning LNK4099: PDB 'ossl_static.pdb' was not found with 'libopenssl_sys-26e3a0c30580cfb6.rlib(libcrypto-lib-o_str.obj)' or at 'C:\Users\Shehr\work\MedScale-074\target\debug\deps\ossl_static.pdb'; linking object as if no debug infoΓÉì
         libopenssl_sys-26e3a0c30580cfb6.rlib(libcrypto-lib-mem.obj) : warning LNK4099: PDB 'ossl_static.pdb' was not found with 'libopenssl_sys-26e3a0c30580cfb6.rlib(libcrypto-lib-mem.obj)' or at 'C:\Users\Shehr\work\MedScale-074\target\debug\deps\ossl_static.pdb'; linking object as if no debug infoΓÉì
         libopenssl_sys-26e3a0c30580cfb6.rlib(libcrypto-lib-init.obj) : warning LNK4099: PDB 'ossl_static.pdb' was not found with 'libopenssl_sys-26e3a0c30580cfb6.rlib(libcrypto-lib-init.obj)' or at 'C:\Users\Shehr\work\MedScale-074\target\debug\deps\ossl_static.pdb'; linking object as if no debug infoΓÉì
         libopenssl_sys-26e3a0c30580cfb6.rlib(libcrypto-lib-bio_lib.obj) : warning LNK4099: PDB 'ossl_static.pdb' was not found with 'libopenssl_sys-26e3a0c30580cfb6.rlib(libcrypto-lib-bio_lib.obj)' or at 'C:\Users\Shehr\work\MedScale-074\target\debug\deps\ossl_static.pdb'; linking object as if no debug infoΓÉì
         libopenssl_sys-26e3a0c30580cfb6.rlib(libcrypto-lib-bio_print.obj) : warning LNK4099: PDB 'ossl_static.pdb' was not found with 'libopenssl_sys-26e3a0c30580cfb6.rlib(libcrypto-lib-bio_print.obj)' or at 'C:\Users\Shehr\work\MedScale-074\target\debug\deps\ossl_static.pdb'; linking object as if no debug infoΓÉì
         libopenssl_sys-26e3a0c30580cfb6.rlib(libcrypto-lib-bn_lib.obj) : warning LNK4099: PDB 'ossl_static.pdb' was not found with 'libopenssl_sys-26e3a0c30580cfb6.rlib(libcrypto-lib-bn_lib.obj)' or at 'C:\Users\Shehr\work\MedScale-074\target\debug\deps\ossl_static.pdb'; linking object as if no debug infoΓÉì
         libopenssl_sys-26e3a0c30580cfb6.rlib(libcrypto-lib-bn_word.obj) : warning LNK4099: PDB 'ossl_static.pdb' was not found with 'libopenssl_sys-26e3a0c30580cfb6.rlib(libcrypto-lib-bn_word.obj)' or at 'C:\Users\Shehr\work\MedScale-074\target\debug\deps\ossl_static.pdb'; linking object as if no debug infoΓÉì
         libopenssl_sys-26e3a0c30580cfb6.rlib(libcrypto-lib-bn_shift.obj) : warning LNK4099: PDB 'ossl_static.pdb' was not found with 'libopenssl_sys-26e3a0c30580cfb6.rlib(libcrypto-lib-bn_shift.obj)' or at 'C:\Users\Shehr\work\MedScale-074\target\debug\deps\ossl_static.pdb'; linking object as if no debug infoΓÉì
         libopenssl_sys-26e3a0c30580cfb6.rlib(libcrypto-lib-bn_conv.obj) : warning LNK4099: PDB 'ossl_static.pdb' was not found with 'libopenssl_sys-26e3a0c30580cfb6.rlib(libcrypto-lib-bn_conv.obj)' or at 'C:\Users\Shehr\work\MedScale-074\target\debug\deps\ossl_static.pdb'; linking object as if no debug infoΓÉì
         libopenssl_sys-26e3a0c30580cfb6.rlib(libcrypto-lib-a_object.obj) : warning LNK4099: PDB 'ossl_static.pdb' was not found with 'libopenssl_sys-26e3a0c30580cfb6.rlib(libcrypto-lib-a_object.obj)' or at 'C:\Users\Shehr\work\MedScale-074\target\debug\deps\ossl_static.pdb'; linking object as if no debug infoΓÉì
         libopenssl_sys-26e3a0c30580cfb6.rlib(libcrypto-lib-asn1_lib.obj) : warning LNK4099: PDB 'ossl_static.pdb' was not found with 'libopenssl_sys-26e3a0c30580cfb6.rlib(libcrypto-lib-asn1_lib.obj)' or at 'C:\Users\Shehr\work\MedScale-074\target\debug\deps\ossl_static.pdb'; linking object as if no debug infoΓÉì
         libopenssl_sys-26e3a0c30580cfb6.rlib(libcrypto-lib-lhash.obj) : warning LNK4099: PDB 'ossl_static.pdb' was not found with 'libopenssl_sys-26e3a0c30580cfb6.rlib(libcrypto-lib-lhash.obj)' or at 'C:\Users\Shehr\work\MedScale-074\target\debug\deps\ossl_static.pdb'; linking object as if no debug infoΓÉì
         libopenssl_sys-26e3a0c30580cfb6.rlib(libcrypto-lib-err_blocks.obj) : warning LNK4099: PDB 'ossl_static.pdb' was not found with 'libopenssl_sys-26e3a0c30580cfb6.rlib(libcrypto-lib-err_blocks.obj)' or at 'C:\Users\Shehr\work\MedScale-074\target\debug\deps\ossl_static.pdb'; linking object as if no debug infoΓÉì
         libopenssl_sys-26e3a0c30580cfb6.rlib(libcrypto-lib-bsearch.obj) : warning LNK4099: PDB 'ossl_static.pdb' was not found with 'libopenssl_sys-26e3a0c30580cfb6.rlib(libcrypto-lib-bsearch.obj)' or at 'C:\Users\Shehr\work\MedScale-074\target\debug\deps\ossl_static.pdb'; linking object as if no debug infoΓÉì
         libopenssl_sys-26e3a0c30580cfb6.rlib(libcrypto-lib-obj_lib.obj) : warning LNK4099: PDB 'ossl_static.pdb' was not found with 'libopenssl_sys-26e3a0c30580cfb6.rlib(libcrypto-lib-obj_lib.obj)' or at 'C:\Users\Shehr\work\MedScale-074\target\debug\deps\ossl_static.pdb'; linking object as if no debug infoΓÉì
         libopenssl_sys-26e3a0c30580cfb6.rlib(libcrypto-lib-cryptlib.obj) : warning LNK4099: PDB 'ossl_static.pdb' was not found with 'libopenssl_sys-26e3a0c30580cfb6.rlib(libcrypto-lib-cryptlib.obj)' or at 'C:\Users\Shehr\work\MedScale-074\target\debug\deps\ossl_static.pdb'; linking object as if no debug infoΓÉì
         libopenssl_sys-26e3a0c30580cfb6.rlib(libcrypto-lib-tasn_typ.obj) : warning LNK4099: PDB 'ossl_static.pdb' was not found with 'libopenssl_sys-26e3a0c30580cfb6.rlib(libcrypto-lib-tasn_typ.obj)' or at 'C:\Users\Shehr\work\MedScale-074\target\debug\deps\ossl_static.pdb'; linking object as if no debug infoΓÉì
         libopenssl_sys-26e3a0c30580cfb6.rlib(libcrypto-lib-a_type.obj) : warning LNK4099: PDB 'ossl_static.pdb' was not found with 'libopenssl_sys-26e3a0c30580cfb6.rlib(libcrypto-lib-a_type.obj)' or at 'C:\Users\Shehr\work\MedScale-074\target\debug\deps\ossl_static.pdb'; linking object as if no debug infoΓÉì
         libopenssl_sys-26e3a0c30580cfb6.rlib(libcrypto-lib-evp_asn1.obj) : warning LNK4099: PDB 'ossl_static.pdb' was not found with 'libopenssl_sys-26e3a0c30580cfb6.rlib(libcrypto-lib-evp_asn1.obj)' or at 'C:\Users\Shehr\work\MedScale-074\target\debug\deps\ossl_static.pdb'; linking object as if no debug infoΓÉì
         libopenssl_sys-26e3a0c30580cfb6.rlib(libcrypto-lib-params.obj) : warning LNK4099: PDB 'ossl_static.pdb' was not found with 'libopenssl_sys-26e3a0c30580cfb6.rlib(libcrypto-lib-params.obj)' or at 'C:\Users\Shehr\work\MedScale-074\target\debug\deps\ossl_static.pdb'; linking object as if no debug infoΓÉì
         libopenssl_sys-26e3a0c30580cfb6.rlib(libcrypto-lib-digest.obj) : warning LNK4099: PDB 'ossl_static.pdb' was not found with 'libopenssl_sys-26e3a0c30580cfb6.rlib(libcrypto-lib-digest.obj)' or at 'C:\Users\Shehr\work\MedScale-074\target\debug\deps\ossl_static.pdb'; linking object as if no debug infoΓÉì
         libopenssl_sys-26e3a0c30580cfb6.rlib(libcrypto-lib-pmeth_lib.obj) : warning LNK4099: PDB 'ossl_static.pdb' was not found with 'libopenssl_sys-26e3a0c30580cfb6.rlib(libcrypto-lib-pmeth_lib.obj)' or at 'C:\Users\Shehr\work\MedScale-074\target\debug\deps\ossl_static.pdb'; linking object as if no debug infoΓÉì
         libopenssl_sys-26e3a0c30580cfb6.rlib(libcrypto-lib-pmeth_gn.obj) : warning LNK4099: PDB 'ossl_static.pdb' was not found with 'libopenssl_sys-26e3a0c30580cfb6.rlib(libcrypto-lib-pmeth_gn.obj)' or at 'C:\Users\Shehr\work\MedScale-074\target\debug\deps\ossl_static.pdb'; linking object as if no debug infoΓÉì
         libopenssl_sys-26e3a0c30580cfb6.rlib(libcrypto-lib-x_algor.obj) : warning LNK4099: PDB 'ossl_static.pdb' was not found with 'libopenssl_sys-26e3a0c30580cfb6.rlib(libcrypto-lib-x_algor.obj)' or at 'C:\Users\Shehr\work\MedScale-074\target\debug\deps\ossl_static.pdb'; linking object as if no debug infoΓÉì
         libopenssl_sys-26e3a0c30580cfb6.rlib(libcrypto-lib-provider_core.obj) : warning LNK4099: PDB 'ossl_static.pdb' was not found with 'libopenssl_sys-26e3a0c30580cfb6.rlib(libcrypto-lib-provider_core.obj)' or at 'C:\Users\Shehr\work\MedScale-074\target\debug\deps\ossl_static.pdb'; linking object as if no debug infoΓÉì
         libopenssl_sys-26e3a0c30580cfb6.rlib(libcrypto-lib-evp_utils.obj) : warning LNK4099: PDB 'ossl_static.pdb' was not found with 'libopenssl_sys-26e3a0c30580cfb6.rlib(libcrypto-lib-evp_utils.obj)' or at 'C:\Users\Shehr\work\MedScale-074\target\debug\deps\ossl_static.pdb'; linking object as if no debug infoΓÉì
         libopenssl_sys-26e3a0c30580cfb6.rlib(libcrypto-lib-evp_fetch.obj) : warning LNK4099: PDB 'ossl_static.pdb' was not found with 'libopenssl_sys-26e3a0c30580cfb6.rlib(libcrypto-lib-evp_fetch.obj)' or at 'C:\Users\Shehr\work\MedScale-074\target\debug\deps\ossl_static.pdb'; linking object as if no debug infoΓÉì
         libopenssl_sys-26e3a0c30580cfb6.rlib(libcrypto-lib-o_names.obj) : warning LNK4099: PDB 'ossl_static.pdb' was not found with 'libopenssl_sys-26e3a0c30580cfb6.rlib(libcrypto-lib-o_names.obj)' or at 'C:\Users\Shehr\work\MedScale-074\target\debug\deps\ossl_static.pdb'; linking object as if no debug infoΓÉì
         libopenssl_sys-26e3a0c30580cfb6.rlib(libcrypto-lib-s_lib.obj) : warning LNK4099: PDB 'ossl_static.pdb' was not found with 'libopenssl_sys-26e3a0c30580cfb6.rlib(libcrypto-lib-s_lib.obj)' or at 'C:\Users\Shehr\work\MedScale-074\target\debug\deps\ossl_static.pdb'; linking object as if no debug infoΓÉì
         libopenssl_sys-26e3a0c30580cfb6.rlib(libcrypto-lib-tb_cipher.obj) : warning LNK4099: PDB 'ossl_static.pdb' was not found with 'libopenssl_sys-26e3a0c30580cfb6.rlib(libcrypto-lib-tb_cipher.obj)' or at 'C:\Users\Shehr\work\MedScale-074\target\debug\deps\ossl_static.pdb'; linking object as if no debug infoΓÉì
         libopenssl_sys-26e3a0c30580cfb6.rlib(libcrypto-lib-eng_init.obj) : warning LNK4099: PDB 'ossl_static.pdb' was not found with 'libopenssl_sys-26e3a0c30580cfb6.rlib(libcrypto-lib-eng_init.obj)' or at 'C:\Users\Shehr\work\MedScale-074\target\debug\deps\ossl_static.pdb'; linking object as if no debug infoΓÉì
         libopenssl_sys-26e3a0c30580cfb6.rlib(libcrypto-lib-core_algorithm.obj) : warning LNK4099: PDB 'ossl_static.pdb' was not found with 'libopenssl_sys-26e3a0c30580cfb6.rlib(libcrypto-lib-core_algorithm.obj)' or at 'C:\Users\Shehr\work\MedScale-074\target\debug\deps\ossl_static.pdb'; linking object as if no debug infoΓÉì
         libopenssl_sys-26e3a0c30580cfb6.rlib(libcrypto-lib-sha1dgst.obj) : warning LNK4099: PDB 'ossl_static.pdb' was not found with 'libopenssl_sys-26e3a0c30580cfb6.rlib(libcrypto-lib-sha1dgst.obj)' or at 'C:\Users\Shehr\work\MedScale-074\target\debug\deps\ossl_static.pdb'; linking object as if no debug infoΓÉì
         libopenssl_sys-26e3a0c30580cfb6.rlib(libcrypto-lib-sha256.obj) : warning LNK4099: PDB 'ossl_static.pdb' was not found with 'libopenssl_sys-26e3a0c30580cfb6.rlib(libcrypto-lib-sha256.obj)' or at 'C:\Users\Shehr\work\MedScale-074\target\debug\deps\ossl_static.pdb'; linking object as if no debug infoΓÉì
         libopenssl_sys-26e3a0c30580cfb6.rlib(libcrypto-lib-sha512.obj) : warning LNK4099: PDB 'ossl_static.pdb' was not found with 'libopenssl_sys-26e3a0c30580cfb6.rlib(libcrypto-lib-sha512.obj)' or at 'C:\Users\Shehr\work\MedScale-074\target\debug\deps\ossl_static.pdb'; linking object as if no debug infoΓÉì
         libopenssl_sys-26e3a0c30580cfb6.rlib(libcrypto-lib-sha3.obj) : warning LNK4099: PDB 'ossl_static.pdb' was not found with 'libopenssl_sys-26e3a0c30580cfb6.rlib(libcrypto-lib-sha3.obj)' or at 'C:\Users\Shehr\work\MedScale-074\target\debug\deps\ossl_static.pdb'; linking object as if no debug infoΓÉì
         libopenssl_sys-26e3a0c30580cfb6.rlib(libcrypto-lib-cbc128.obj) : warning LNK4099: PDB 'ossl_static.pdb' was not found with 'libopenssl_sys-26e3a0c30580cfb6.rlib(libcrypto-lib-cbc128.obj)' or at 'C:\Users\Shehr\work\MedScale-074\target\debug\deps\ossl_static.pdb'; linking object as if no debug infoΓÉì
         libopenssl_sys-26e3a0c30580cfb6.rlib(libcrypto-lib-ctr128.obj) : warning LNK4099: PDB 'ossl_static.pdb' was not found with 'libopenssl_sys-26e3a0c30580cfb6.rlib(libcrypto-lib-ctr128.obj)' or at 'C:\Users\Shehr\work\MedScale-074\target\debug\deps\ossl_static.pdb'; linking object as if no debug infoΓÉì
         libopenssl_sys-26e3a0c30580cfb6.rlib(libcrypto-lib-ofb128.obj) : warning LNK4099: PDB 'ossl_static.pdb' was not found with 'libopenssl_sys-26e3a0c30580cfb6.rlib(libcrypto-lib-ofb128.obj)' or at 'C:\Users\Shehr\work\MedScale-074\target\debug\deps\ossl_static.pdb'; linking object as if no debug infoΓÉì
         libopenssl_sys-26e3a0c30580cfb6.rlib(libcrypto-lib-cfb128.obj) : warning LNK4099: PDB 'ossl_static.pdb' was not found with 'libopenssl_sys-26e3a0c30580cfb6.rlib(libcrypto-lib-cfb128.obj)' or at 'C:\Users\Shehr\work\MedScale-074\target\debug\deps\ossl_static.pdb'; linking object as if no debug infoΓÉì
         libopenssl_sys-26e3a0c30580cfb6.rlib(libcrypto-lib-gcm128.obj) : warning LNK4099: PDB 'ossl_static.pdb' was not found with 'libopenssl_sys-26e3a0c30580cfb6.rlib(libcrypto-lib-gcm128.obj)' or at 'C:\Users\Shehr\work\MedScale-074\target\debug\deps\ossl_static.pdb'; linking object as if no debug infoΓÉì
         libopenssl_sys-26e3a0c30580cfb6.rlib(libcrypto-lib-ccm128.obj) : warning LNK4099: PDB 'ossl_static.pdb' was not found with 'libopenssl_sys-26e3a0c30580cfb6.rlib(libcrypto-lib-ccm128.obj)' or at 'C:\Users\Shehr\work\MedScale-074\target\debug\deps\ossl_static.pdb'; linking object as if no debug infoΓÉì
         libopenssl_sys-26e3a0c30580cfb6.rlib(libcrypto-lib-xts128.obj) : warning LNK4099: PDB 'ossl_static.pdb' was not found with 'libopenssl_sys-26e3a0c30580cfb6.rlib(libcrypto-lib-xts128.obj)' or at 'C:\Users\Shehr\work\MedScale-074\target\debug\deps\ossl_static.pdb'; linking object as if no debug infoΓÉì
         libopenssl_sys-26e3a0c30580cfb6.rlib(libcrypto-lib-wrap128.obj) : warning LNK4099: PDB 'ossl_static.pdb' was not found with 'libopenssl_sys-26e3a0c30580cfb6.rlib(libcrypto-lib-wrap128.obj)' or at 'C:\Users\Shehr\work\MedScale-074\target\debug\deps\ossl_static.pdb'; linking object as if no debug infoΓÉì
         libopenssl_sys-26e3a0c30580cfb6.rlib(libcrypto-lib-ocb128.obj) : warning LNK4099: PDB 'ossl_static.pdb' was not found with 'libopenssl_sys-26e3a0c30580cfb6.rlib(libcrypto-lib-ocb128.obj)' or at 'C:\Users\Shehr\work\MedScale-074\target\debug\deps\ossl_static.pdb'; linking object as if no debug infoΓÉì
         libopenssl_sys-26e3a0c30580cfb6.rlib(libcrypto-lib-a_int.obj) : warning LNK4099: PDB 'ossl_static.pdb' was not found with 'libopenssl_sys-26e3a0c30580cfb6.rlib(libcrypto-lib-a_int.obj)' or at 'C:\Users\Shehr\work\MedScale-074\target\debug\deps\ossl_static.pdb'; linking object as if no debug infoΓÉì
         libopenssl_sys-26e3a0c30580cfb6.rlib(libcrypto-lib-err_mark.obj) : warning LNK4099: PDB 'ossl_static.pdb' was not found with 'libopenssl_sys-26e3a0c30580cfb6.rlib(libcrypto-lib-err_mark.obj)' or at 'C:\Users\Shehr\work\MedScale-074\target\debug\deps\ossl_static.pdb'; linking object as if no debug infoΓÉì
         libopenssl_sys-26e3a0c30580cfb6.rlib(libcrypto-lib-names.obj) : warning LNK4099: PDB 'ossl_static.pdb' was not found with 'libopenssl_sys-26e3a0c30580cfb6.rlib(libcrypto-lib-names.obj)' or at 'C:\Users\Shehr\work\MedScale-074\target\debug\deps\ossl_static.pdb'; linking object as if no debug infoΓÉì
         libopenssl_sys-26e3a0c30580cfb6.rlib(libcrypto-lib-evp_pbe.obj) : warning LNK4099: PDB 'ossl_static.pdb' was not found with 'libopenssl_sys-26e3a0c30580cfb6.rlib(libcrypto-lib-evp_pbe.obj)' or at 'C:\Users\Shehr\work\MedScale-074\target\debug\deps\ossl_static.pdb'; linking object as if no debug infoΓÉì
         libopenssl_sys-26e3a0c30580cfb6.rlib(libcrypto-lib-p5_pbev2.obj) : warning LNK4099: PDB 'ossl_static.pdb' was not found with 'libopenssl_sys-26e3a0c30580cfb6.rlib(libcrypto-lib-p5_pbev2.obj)' or at 'C:\Users\Shehr\work\MedScale-074\target\debug\deps\ossl_static.pdb'; linking object as if no debug infoΓÉì
         libopenssl_sys-26e3a0c30580cfb6.rlib(libcrypto-lib-kdf_meth.obj) : warning LNK4099: PDB 'ossl_static.pdb' was not found with 'libopenssl_sys-26e3a0c30580cfb6.rlib(libcrypto-lib-kdf_meth.obj)' or at 'C:\Users\Shehr\work\MedScale-074\target\debug\deps\ossl_static.pdb'; linking object as if no debug infoΓÉì
         libopenssl_sys-26e3a0c30580cfb6.rlib(libcrypto-lib-kdf_lib.obj) : warning LNK4099: PDB 'ossl_static.pdb' was not found with 'libopenssl_sys-26e3a0c30580cfb6.rlib(libcrypto-lib-kdf_lib.obj)' or at 'C:\Users\Shehr\work\MedScale-074\target\debug\deps\ossl_static.pdb'; linking object as if no debug infoΓÉì
         libopenssl_sys-26e3a0c30580cfb6.rlib(libcrypto-lib-stack.obj) : warning LNK4099: PDB 'ossl_static.pdb' was not found with 'libopenssl_sys-26e3a0c30580cfb6.rlib(libcrypto-lib-stack.obj)' or at 'C:\Users\Shehr\work\MedScale-074\target\debug\deps\ossl_static.pdb'; linking object as if no debug infoΓÉì
         libopenssl_sys-26e3a0c30580cfb6.rlib(libcrypto-lib-provider.obj) : warning LNK4099: PDB 'ossl_static.pdb' was not found with 'libopenssl_sys-26e3a0c30580cfb6.rlib(libcrypto-lib-provider.obj)' or at 'C:\Users\Shehr\work\MedScale-074\target\debug\deps\ossl_static.pdb'; linking object as if no debug infoΓÉì
         libopenssl_sys-26e3a0c30580cfb6.rlib(libcrypto-lib-context.obj) : warning LNK4099: PDB 'ossl_static.pdb' was not found with 'libopenssl_sys-26e3a0c30580cfb6.rlib(libcrypto-lib-context.obj)' or at 'C:\Users\Shehr\work\MedScale-074\target\debug\deps\ossl_static.pdb'; linking object as if no debug infoΓÉì
         libopenssl_sys-26e3a0c30580cfb6.rlib(libcrypto-lib-threads_common.obj) : warning LNK4099: PDB 'ossl_static.pdb' was not found with 'libopenssl_sys-26e3a0c30580cfb6.rlib(libcrypto-lib-threads_common.obj)' or at 'C:\Users\Shehr\work\MedScale-074\target\debug\deps\ossl_static.pdb'; linking object as if no debug infoΓÉì
         libopenssl_sys-26e3a0c30580cfb6.rlib(libcrypto-lib-evp_rand.obj) : warning LNK4099: PDB 'ossl_static.pdb' was not found with 'libopenssl_sys-26e3a0c30580cfb6.rlib(libcrypto-lib-evp_rand.obj)' or at 'C:\Users\Shehr\work\MedScale-074\target\debug\deps\ossl_static.pdb'; linking object as if no debug infoΓÉì
         libopenssl_sys-26e3a0c30580cfb6.rlib(libcrypto-lib-rand_meth.obj) : warning LNK4099: PDB 'ossl_static.pdb' was not found with 'libopenssl_sys-26e3a0c30580cfb6.rlib(libcrypto-lib-rand_meth.obj)' or at 'C:\Users\Shehr\work\MedScale-074\target\debug\deps\ossl_static.pdb'; linking object as if no debug infoΓÉì
         libopenssl_sys-26e3a0c30580cfb6.rlib(libcrypto-lib-rand_pool.obj) : warning LNK4099: PDB 'ossl_static.pdb' was not found with 'libopenssl_sys-26e3a0c30580cfb6.rlib(libcrypto-lib-rand_pool.obj)' or at 'C:\Users\Shehr\work\MedScale-074\target\debug\deps\ossl_static.pdb'; linking object as if no debug infoΓÉì
         libopenssl_sys-26e3a0c30580cfb6.rlib(libdefault-lib-rand_win.obj) : warning LNK4099: PDB 'ossl_static.pdb' was not found with 'libopenssl_sys-26e3a0c30580cfb6.rlib(libdefault-lib-rand_win.obj)' or at 'C:\Users\Shehr\work\MedScale-074\target\debug\deps\ossl_static.pdb'; linking object as if no debug infoΓÉì
         libopenssl_sys-26e3a0c30580cfb6.rlib(libcrypto-lib-initthread.obj) : warning LNK4099: PDB 'ossl_static.pdb' was not found with 'libopenssl_sys-26e3a0c30580cfb6.rlib(libcrypto-lib-initthread.obj)' or at 'C:\Users\Shehr\work\MedScale-074\target\debug\deps\ossl_static.pdb'; linking object as if no debug infoΓÉì
         libopenssl_sys-26e3a0c30580cfb6.rlib(libcrypto-lib-conf_lib.obj) : warning LNK4099: PDB 'ossl_static.pdb' was not found with 'libopenssl_sys-26e3a0c30580cfb6.rlib(libcrypto-lib-conf_lib.obj)' or at 'C:\Users\Shehr\work\MedScale-074\target\debug\deps\ossl_static.pdb'; linking object as if no debug infoΓÉì
         libopenssl_sys-26e3a0c30580cfb6.rlib(libcrypto-lib-conf_mod.obj) : warning LNK4099: PDB 'ossl_static.pdb' was not found with 'libopenssl_sys-26e3a0c30580cfb6.rlib(libcrypto-lib-conf_mod.obj)' or at 'C:\Users\Shehr\work\MedScale-074\target\debug\deps\ossl_static.pdb'; linking object as if no debug infoΓÉì
         libopenssl_sys-26e3a0c30580cfb6.rlib(libcrypto-lib-tb_rand.obj) : warning LNK4099: PDB 'ossl_static.pdb' was not found with 'libopenssl_sys-26e3a0c30580cfb6.rlib(libcrypto-lib-tb_rand.obj)' or at 'C:\Users\Shehr\work\MedScale-074\target\debug\deps\ossl_static.pdb'; linking object as if no debug infoΓÉì
         libopenssl_sys-26e3a0c30580cfb6.rlib(libcrypto-lib-err_save.obj) : warning LNK4099: PDB 'ossl_static.pdb' was not found with 'libopenssl_sys-26e3a0c30580cfb6.rlib(libcrypto-lib-err_save.obj)' or at 'C:\Users\Shehr\work\MedScale-074\target\debug\deps\ossl_static.pdb'; linking object as if no debug infoΓÉì
         libopenssl_sys-26e3a0c30580cfb6.rlib(libcrypto-lib-defaults.obj) : warning LNK4099: PDB 'ossl_static.pdb' was not found with 'libopenssl_sys-26e3a0c30580cfb6.rlib(libcrypto-lib-defaults.obj)' or at 'C:\Users\Shehr\work\MedScale-074\target\debug\deps\ossl_static.pdb'; linking object as if no debug infoΓÉì
         libopenssl_sys-26e3a0c30580cfb6.rlib(libcrypto-lib-array_alloc.obj) : warning LNK4099: PDB 'ossl_static.pdb' was not found with 'libopenssl_sys-26e3a0c30580cfb6.rlib(libcrypto-lib-array_alloc.obj)' or at 'C:\Users\Shehr\work\MedScale-074\target\debug\deps\ossl_static.pdb'; linking object as if no debug infoΓÉì
         libopenssl_sys-26e3a0c30580cfb6.rlib(libcrypto-lib-thread_win.obj) : warning LNK4099: PDB 'ossl_static.pdb' was not found with 'libopenssl_sys-26e3a0c30580cfb6.rlib(libcrypto-lib-thread_win.obj)' or at 'C:\Users\Shehr\work\MedScale-074\target\debug\deps\ossl_static.pdb'; linking object as if no debug infoΓÉì
         libopenssl_sys-26e3a0c30580cfb6.rlib(libcrypto-lib-mem_sec.obj) : warning LNK4099: PDB 'ossl_static.pdb' was not found with 'libopenssl_sys-26e3a0c30580cfb6.rlib(libcrypto-lib-mem_sec.obj)' or at 'C:\Users\Shehr\work\MedScale-074\target\debug\deps\ossl_static.pdb'; linking object as if no debug infoΓÉì
         libopenssl_sys-26e3a0c30580cfb6.rlib(libcrypto-lib-cpuid.obj) : warning LNK4099: PDB 'ossl_static.pdb' was not found with 'libopenssl_sys-26e3a0c30580cfb6.rlib(libcrypto-lib-cpuid.obj)' or at 'C:\Users\Shehr\work\MedScale-074\target\debug\deps\ossl_static.pdb'; linking object as if no debug infoΓÉì
         libopenssl_sys-26e3a0c30580cfb6.rlib(libcrypto-lib-trace.obj) : warning LNK4099: PDB 'ossl_static.pdb' was not found with 'libopenssl_sys-26e3a0c30580cfb6.rlib(libcrypto-lib-trace.obj)' or at 'C:\Users\Shehr\work\MedScale-074\target\debug\deps\ossl_static.pdb'; linking object as if no debug infoΓÉì
         libopenssl_sys-26e3a0c30580cfb6.rlib(libcrypto-lib-c_allc.obj) : warning LNK4099: PDB 'ossl_static.pdb' was not found with 'libopenssl_sys-26e3a0c30580cfb6.rlib(libcrypto-lib-c_allc.obj)' or at 'C:\Users\Shehr\work\MedScale-074\target\debug\deps\ossl_static.pdb'; linking object as if no debug infoΓÉì
         libopenssl_sys-26e3a0c30580cfb6.rlib(libcrypto-lib-c_alld.obj) : warning LNK4099: PDB 'ossl_static.pdb' was not found with 'libopenssl_sys-26e3a0c30580cfb6.rlib(libcrypto-lib-c_alld.obj)' or at 'C:\Users\Shehr\work\MedScale-074\target\debug\deps\ossl_static.pdb'; linking object as if no debug infoΓÉì
         libopenssl_sys-26e3a0c30580cfb6.rlib(libcrypto-lib-conf_sap.obj) : warning LNK4099: PDB 'ossl_static.pdb' was not found with 'libopenssl_sys-26e3a0c30580cfb6.rlib(libcrypto-lib-conf_sap.obj)' or at 'C:\Users\Shehr\work\MedScale-074\target\debug\deps\ossl_static.pdb'; linking object as if no debug infoΓÉì
         libopenssl_sys-26e3a0c30580cfb6.rlib(libcrypto-lib-async.obj) : warning LNK4099: PDB 'ossl_static.pdb' was not found with 'libopenssl_sys-26e3a0c30580cfb6.rlib(libcrypto-lib-async.obj)' or at 'C:\Users\Shehr\work\MedScale-074\target\debug\deps\ossl_static.pdb'; linking object as if no debug infoΓÉì
         libopenssl_sys-26e3a0c30580cfb6.rlib(libcrypto-lib-eng_fat.obj) : warning LNK4099: PDB 'ossl_static.pdb' was not found with 'libopenssl_sys-26e3a0c30580cfb6.rlib(libcrypto-lib-eng_fat.obj)' or at 'C:\Users\Shehr\work\MedScale-074\target\debug\deps\ossl_static.pdb'; linking object as if no debug infoΓÉì
         libopenssl_sys-26e3a0c30580cfb6.rlib(libcrypto-lib-eng_openssl.obj) : warning LNK4099: PDB 'ossl_static.pdb' was not found with 'libopenssl_sys-26e3a0c30580cfb6.rlib(libcrypto-lib-eng_openssl.obj)' or at 'C:\Users\Shehr\work\MedScale-074\target\debug\deps\ossl_static.pdb'; linking object as if no debug infoΓÉì
         libopenssl_sys-26e3a0c30580cfb6.rlib(libcrypto-lib-eng_rdrand.obj) : warning LNK4099: PDB 'ossl_static.pdb' was not found with 'libopenssl_sys-26e3a0c30580cfb6.rlib(libcrypto-lib-eng_rdrand.obj)' or at 'C:\Users\Shehr\work\MedScale-074\target\debug\deps\ossl_static.pdb'; linking object as if no debug infoΓÉì
         libopenssl_sys-26e3a0c30580cfb6.rlib(libcrypto-lib-eng_dyn.obj) : warning LNK4099: PDB 'ossl_static.pdb' was not found with 'libopenssl_sys-26e3a0c30580cfb6.rlib(libcrypto-lib-eng_dyn.obj)' or at 'C:\Users\Shehr\work\MedScale-074\target\debug\deps\ossl_static.pdb'; linking object as if no debug infoΓÉì
         libopenssl_sys-26e3a0c30580cfb6.rlib(libcrypto-lib-e_padlock.obj) : warning LNK4099: PDB 'ossl_static.pdb' was not found with 'libopenssl_sys-26e3a0c30580cfb6.rlib(libcrypto-lib-e_padlock.obj)' or at 'C:\Users\Shehr\work\MedScale-074\target\debug\deps\ossl_static.pdb'; linking object as if no debug infoΓÉì
         libopenssl_sys-26e3a0c30580cfb6.rlib(libcrypto-lib-eng_lib.obj) : warning LNK4099: PDB 'ossl_static.pdb' was not found with 'libopenssl_sys-26e3a0c30580cfb6.rlib(libcrypto-lib-eng_lib.obj)' or at 'C:\Users\Shehr\work\MedScale-074\target\debug\deps\ossl_static.pdb'; linking object as if no debug infoΓÉì
         libopenssl_sys-26e3a0c30580cfb6.rlib(libcrypto-lib-err_all.obj) : warning LNK4099: PDB 'ossl_static.pdb' was not found with 'libopenssl_sys-26e3a0c30580cfb6.rlib(libcrypto-lib-err_all.obj)' or at 'C:\Users\Shehr\work\MedScale-074\target\debug\deps\ossl_static.pdb'; linking object as if no debug infoΓÉì
         libopenssl_sys-26e3a0c30580cfb6.rlib(libcrypto-lib-store_init.obj) : warning LNK4099: PDB 'ossl_static.pdb' was not found with 'libopenssl_sys-26e3a0c30580cfb6.rlib(libcrypto-lib-store_init.obj)' or at 'C:\Users\Shehr\work\MedScale-074\target\debug\deps\ossl_static.pdb'; linking object as if no debug infoΓÉì
         libopenssl_sys-26e3a0c30580cfb6.rlib(libcrypto-lib-cmp_util.obj) : warning LNK4099: PDB 'ossl_static.pdb' was not found with 'libopenssl_sys-26e3a0c30580cfb6.rlib(libcrypto-lib-cmp_util.obj)' or at 'C:\Users\Shehr\work\MedScale-074\target\debug\deps\ossl_static.pdb'; linking object as if no debug infoΓÉì
         libopenssl_sys-26e3a0c30580cfb6.rlib(libcrypto-lib-ssl_err.obj) : warning LNK4099: PDB 'ossl_static.pdb' was not found with 'libopenssl_sys-26e3a0c30580cfb6.rlib(libcrypto-lib-ssl_err.obj)' or at 'C:\Users\Shehr\work\MedScale-074\target\debug\deps\ossl_static.pdb'; linking object as if no debug infoΓÉì
         libopenssl_sys-26e3a0c30580cfb6.rlib(libcrypto-lib-ex_data.obj) : warning LNK4099: PDB 'ossl_static.pdb' was not found with 'libopenssl_sys-26e3a0c30580cfb6.rlib(libcrypto-lib-ex_data.obj)' or at 'C:\Users\Shehr\work\MedScale-074\target\debug\deps\ossl_static.pdb'; linking object as if no debug infoΓÉì
         libopenssl_sys-26e3a0c30580cfb6.rlib(libcrypto-lib-sleep.obj) : warning LNK4099: PDB 'ossl_static.pdb' was not found with 'libopenssl_sys-26e3a0c30580cfb6.rlib(libcrypto-lib-sleep.obj)' or at 'C:\Users\Shehr\work\MedScale-074\target\debug\deps\ossl_static.pdb'; linking object as if no debug infoΓÉì
         libopenssl_sys-26e3a0c30580cfb6.rlib(libcrypto-lib-bss_sock.obj) : warning LNK4099: PDB 'ossl_static.pdb' was not found with 'libopenssl_sys-26e3a0c30580cfb6.rlib(libcrypto-lib-bss_sock.obj)' or at 'C:\Users\Shehr\work\MedScale-074\target\debug\deps\ossl_static.pdb'; linking object as if no debug infoΓÉì
         libopenssl_sys-26e3a0c30580cfb6.rlib(libcrypto-lib-bio_sock.obj) : warning LNK4099: PDB 'ossl_static.pdb' was not found with 'libopenssl_sys-26e3a0c30580cfb6.rlib(libcrypto-lib-bio_sock.obj)' or at 'C:\Users\Shehr\work\MedScale-074\target\debug\deps\ossl_static.pdb'; linking object as if no debug infoΓÉì
         libopenssl_sys-26e3a0c30580cfb6.rlib(libcrypto-lib-bio_addr.obj) : warning LNK4099: PDB 'ossl_static.pdb' was not found with 'libopenssl_sys-26e3a0c30580cfb6.rlib(libcrypto-lib-bio_addr.obj)' or at 'C:\Users\Shehr\work\MedScale-074\target\debug\deps\ossl_static.pdb'; linking object as if no debug infoΓÉì
         libopenssl_sys-26e3a0c30580cfb6.rlib(libcrypto-lib-bn_mont.obj) : warning LNK4099: PDB 'ossl_static.pdb' was not found with 'libopenssl_sys-26e3a0c30580cfb6.rlib(libcrypto-lib-bn_mont.obj)' or at 'C:\Users\Shehr\work\MedScale-074\target\debug\deps\ossl_static.pdb'; linking object as if no debug infoΓÉì
         libopenssl_sys-26e3a0c30580cfb6.rlib(libcrypto-lib-bn_asm.obj) : warning LNK4099: PDB 'ossl_static.pdb' was not found with 'libopenssl_sys-26e3a0c30580cfb6.rlib(libcrypto-lib-bn_asm.obj)' or at 'C:\Users\Shehr\work\MedScale-074\target\debug\deps\ossl_static.pdb'; linking object as if no debug infoΓÉì
         libopenssl_sys-26e3a0c30580cfb6.rlib(libcrypto-lib-bio_dump.obj) : warning LNK4099: PDB 'ossl_static.pdb' was not found with 'libopenssl_sys-26e3a0c30580cfb6.rlib(libcrypto-lib-bio_dump.obj)' or at 'C:\Users\Shehr\work\MedScale-074\target\debug\deps\ossl_static.pdb'; linking object as if no debug infoΓÉì
         libopenssl_sys-26e3a0c30580cfb6.rlib(libcrypto-lib-tasn_new.obj) : warning LNK4099: PDB 'ossl_static.pdb' was not found with 'libopenssl_sys-26e3a0c30580cfb6.rlib(libcrypto-lib-tasn_new.obj)' or at 'C:\Users\Shehr\work\MedScale-074\target\debug\deps\ossl_static.pdb'; linking object as if no debug infoΓÉì
         libopenssl_sys-26e3a0c30580cfb6.rlib(libcrypto-lib-tasn_fre.obj) : warning LNK4099: PDB 'ossl_static.pdb' was not found with 'libopenssl_sys-26e3a0c30580cfb6.rlib(libcrypto-lib-tasn_fre.obj)' or at 'C:\Users\Shehr\work\MedScale-074\target\debug\deps\ossl_static.pdb'; linking object as if no debug infoΓÉì
         libopenssl_sys-26e3a0c30580cfb6.rlib(libcrypto-lib-tasn_dec.obj) : warning LNK4099: PDB 'ossl_static.pdb' was not found with 'libopenssl_sys-26e3a0c30580cfb6.rlib(libcrypto-lib-tasn_dec.obj)' or at 'C:\Users\Shehr\work\MedScale-074\target\debug\deps\ossl_static.pdb'; linking object as if no debug infoΓÉì
         libopenssl_sys-26e3a0c30580cfb6.rlib(libcrypto-lib-tasn_enc.obj) : warning LNK4099: PDB 'ossl_static.pdb' was not found with 'libopenssl_sys-26e3a0c30580cfb6.rlib(libcrypto-lib-tasn_enc.obj)' or at 'C:\Users\Shehr\work\MedScale-074\target\debug\deps\ossl_static.pdb'; linking object as if no debug infoΓÉì
         libopenssl_sys-26e3a0c30580cfb6.rlib(libcrypto-lib-asn_pack.obj) : warning LNK4099: PDB 'ossl_static.pdb' was not found with 'libopenssl_sys-26e3a0c30580cfb6.rlib(libcrypto-lib-asn_pack.obj)' or at 'C:\Users\Shehr\work\MedScale-074\target\debug\deps\ossl_static.pdb'; linking object as if no debug infoΓÉì
         libopenssl_sys-26e3a0c30580cfb6.rlib(libcrypto-lib-x_int64.obj) : warning LNK4099: PDB 'ossl_static.pdb' was not found with 'libopenssl_sys-26e3a0c30580cfb6.rlib(libcrypto-lib-x_int64.obj)' or at 'C:\Users\Shehr\work\MedScale-074\target\debug\deps\ossl_static.pdb'; linking object as if no debug infoΓÉì
         libopenssl_sys-26e3a0c30580cfb6.rlib(libcrypto-lib-a_octet.obj) : warning LNK4099: PDB 'ossl_static.pdb' was not found with 'libopenssl_sys-26e3a0c30580cfb6.rlib(libcrypto-lib-a_octet.obj)' or at 'C:\Users\Shehr\work\MedScale-074\target\debug\deps\ossl_static.pdb'; linking object as if no debug infoΓÉì
         libopenssl_sys-26e3a0c30580cfb6.rlib(libcrypto-lib-packet.obj) : warning LNK4099: PDB 'ossl_static.pdb' was not found with 'libopenssl_sys-26e3a0c30580cfb6.rlib(libcrypto-lib-packet.obj)' or at 'C:\Users\Shehr\work\MedScale-074\target\debug\deps\ossl_static.pdb'; linking object as if no debug infoΓÉì
         libopenssl_sys-26e3a0c30580cfb6.rlib(libcrypto-lib-m_sigver.obj) : warning LNK4099: PDB 'ossl_static.pdb' was not found with 'libopenssl_sys-26e3a0c30580cfb6.rlib(libcrypto-lib-m_sigver.obj)' or at 'C:\Users\Shehr\work\MedScale-074\target\debug\deps\ossl_static.pdb'; linking object as if no debug infoΓÉì
         libopenssl_sys-26e3a0c30580cfb6.rlib(libcrypto-lib-tb_digest.obj) : warning LNK4099: PDB 'ossl_static.pdb' was not found with 'libopenssl_sys-26e3a0c30580cfb6.rlib(libcrypto-lib-tb_digest.obj)' or at 'C:\Users\Shehr\work\MedScale-074\target\debug\deps\ossl_static.pdb'; linking object as if no debug infoΓÉì
         libopenssl_sys-26e3a0c30580cfb6.rlib(libcrypto-lib-dh_pmeth.obj) : warning LNK4099: PDB 'ossl_static.pdb' was not found with 'libopenssl_sys-26e3a0c30580cfb6.rlib(libcrypto-lib-dh_pmeth.obj)' or at 'C:\Users\Shehr\work\MedScale-074\target\debug\deps\ossl_static.pdb'; linking object as if no debug infoΓÉì
         libopenssl_sys-26e3a0c30580cfb6.rlib(libcrypto-lib-dsa_pmeth.obj) : warning LNK4099: PDB 'ossl_static.pdb' was not found with 'libopenssl_sys-26e3a0c30580cfb6.rlib(libcrypto-lib-dsa_pmeth.obj)' or at 'C:\Users\Shehr\work\MedScale-074\target\debug\deps\ossl_static.pdb'; linking object as if no debug infoΓÉì
         libopenssl_sys-26e3a0c30580cfb6.rlib(libcrypto-lib-ec_pmeth.obj) : warning LNK4099: PDB 'ossl_static.pdb' was not found with 'libopenssl_sys-26e3a0c30580cfb6.rlib(libcrypto-lib-ec_pmeth.obj)' or at 'C:\Users\Shehr\work\MedScale-074\target\debug\deps\ossl_static.pdb'; linking object as if no debug infoΓÉì
         libopenssl_sys-26e3a0c30580cfb6.rlib(libcrypto-lib-ecx_meth.obj) : warning LNK4099: PDB 'ossl_static.pdb' was not found with 'libopenssl_sys-26e3a0c30580cfb6.rlib(libcrypto-lib-ecx_meth.obj)' or at 'C:\Users\Shehr\work\MedScale-074\target\debug\deps\ossl_static.pdb'; linking object as if no debug infoΓÉì
         libopenssl_sys-26e3a0c30580cfb6.rlib(libcrypto-lib-rsa_pmeth.obj) : warning LNK4099: PDB 'ossl_static.pdb' was not found with 'libopenssl_sys-26e3a0c30580cfb6.rlib(libcrypto-lib-rsa_pmeth.obj)' or at 'C:\Users\Shehr\work\MedScale-074\target\debug\deps\ossl_static.pdb'; linking object as if no debug infoΓÉì
         libopenssl_sys-26e3a0c30580cfb6.rlib(libcrypto-lib-evp_pkey_type.obj) : warning LNK4099: PDB 'ossl_static.pdb' was not found with 'libopenssl_sys-26e3a0c30580cfb6.rlib(libcrypto-lib-evp_pkey_type.obj)' or at 'C:\Users\Shehr\work\MedScale-074\target\debug\deps\ossl_static.pdb'; linking object as if no debug infoΓÉì
         libopenssl_sys-26e3a0c30580cfb6.rlib(libcrypto-lib-p_lib.obj) : warning LNK4099: PDB 'ossl_static.pdb' was not found with 'libopenssl_sys-26e3a0c30580cfb6.rlib(libcrypto-lib-p_lib.obj)' or at 'C:\Users\Shehr\work\MedScale-074\target\debug\deps\ossl_static.pdb'; linking object as if no debug infoΓÉì
         libopenssl_sys-26e3a0c30580cfb6.rlib(libcrypto-lib-keymgmt_meth.obj) : warning LNK4099: PDB 'ossl_static.pdb' was not found with 'libopenssl_sys-26e3a0c30580cfb6.rlib(libcrypto-lib-keymgmt_meth.obj)' or at 'C:\Users\Shehr\work\MedScale-074\target\debug\deps\ossl_static.pdb'; linking object as if no debug infoΓÉì
         libopenssl_sys-26e3a0c30580cfb6.rlib(libcrypto-lib-signature.obj) : warning LNK4099: PDB 'ossl_static.pdb' was not found with 'libopenssl_sys-26e3a0c30580cfb6.rlib(libcrypto-lib-signature.obj)' or at 'C:\Users\Shehr\work\MedScale-074\target\debug\deps\ossl_static.pdb'; linking object as if no debug infoΓÉì
         libopenssl_sys-26e3a0c30580cfb6.rlib(libcrypto-lib-asymcipher.obj) : warning LNK4099: PDB 'ossl_static.pdb' was not found with 'libopenssl_sys-26e3a0c30580cfb6.rlib(libcrypto-lib-asymcipher.obj)' or at 'C:\Users\Shehr\work\MedScale-074\target\debug\deps\ossl_static.pdb'; linking object as if no debug infoΓÉì
         libopenssl_sys-26e3a0c30580cfb6.rlib(libcrypto-lib-kem.obj) : warning LNK4099: PDB 'ossl_static.pdb' was not found with 'libopenssl_sys-26e3a0c30580cfb6.rlib(libcrypto-lib-kem.obj)' or at 'C:\Users\Shehr\work\MedScale-074\target\debug\deps\ossl_static.pdb'; linking object as if no debug infoΓÉì
         libopenssl_sys-26e3a0c30580cfb6.rlib(libcrypto-lib-exchange.obj) : warning LNK4099: PDB 'ossl_static.pdb' was not found with 'libopenssl_sys-26e3a0c30580cfb6.rlib(libcrypto-lib-exchange.obj)' or at 'C:\Users\Shehr\work\MedScale-074\target\debug\deps\ossl_static.pdb'; linking object as if no debug infoΓÉì
         libopenssl_sys-26e3a0c30580cfb6.rlib(libcrypto-lib-tb_pkmeth.obj) : warning LNK4099: PDB 'ossl_static.pdb' was not found with 'libopenssl_sys-26e3a0c30580cfb6.rlib(libcrypto-lib-tb_pkmeth.obj)' or at 'C:\Users\Shehr\work\MedScale-074\target\debug\deps\ossl_static.pdb'; linking object as if no debug infoΓÉì
         libopenssl_sys-26e3a0c30580cfb6.rlib(libcrypto-lib-ctrl_params_translate.obj) : warning LNK4099: PDB 'ossl_static.pdb' was not found with 'libopenssl_sys-26e3a0c30580cfb6.rlib(libcrypto-lib-ctrl_params_translate.obj)' or at 'C:\Users\Shehr\work\MedScale-074\target\debug\deps\ossl_static.pdb'; linking object as if no debug infoΓÉì
         libopenssl_sys-26e3a0c30580cfb6.rlib(libcrypto-lib-params_dup.obj) : warning LNK4099: PDB 'ossl_static.pdb' was not found with 'libopenssl_sys-26e3a0c30580cfb6.rlib(libcrypto-lib-params_dup.obj)' or at 'C:\Users\Shehr\work\MedScale-074\target\debug\deps\ossl_static.pdb'; linking object as if no debug infoΓÉì
         libopenssl_sys-26e3a0c30580cfb6.rlib(libcrypto-lib-keymgmt_lib.obj) : warning LNK4099: PDB 'ossl_static.pdb' was not found with 'libopenssl_sys-26e3a0c30580cfb6.rlib(libcrypto-lib-keymgmt_lib.obj)' or at 'C:\Users\Shehr\work\MedScale-074\target\debug\deps\ossl_static.pdb'; linking object as if no debug infoΓÉì
         libopenssl_sys-26e3a0c30580cfb6.rlib(libcrypto-lib-a_dup.obj) : warning LNK4099: PDB 'ossl_static.pdb' was not found with 'libopenssl_sys-26e3a0c30580cfb6.rlib(libcrypto-lib-a_dup.obj)' or at 'C:\Users\Shehr\work\MedScale-074\target\debug\deps\ossl_static.pdb'; linking object as if no debug infoΓÉì
         libopenssl_sys-26e3a0c30580cfb6.rlib(libcrypto-lib-ossl_core_bio.obj) : warning LNK4099: PDB 'ossl_static.pdb' was not found with 'libopenssl_sys-26e3a0c30580cfb6.rlib(libcrypto-lib-ossl_core_bio.obj)' or at 'C:\Users\Shehr\work\MedScale-074\target\debug\deps\ossl_static.pdb'; linking object as if no debug infoΓÉì
         libopenssl_sys-26e3a0c30580cfb6.rlib(libcrypto-lib-indicator_core.obj) : warning LNK4099: PDB 'ossl_static.pdb' was not found with 'libopenssl_sys-26e3a0c30580cfb6.rlib(libcrypto-lib-indicator_core.obj)' or at 'C:\Users\Shehr\work\MedScale-074\target\debug\deps\ossl_static.pdb'; linking object as if no debug infoΓÉì
         libopenssl_sys-26e3a0c30580cfb6.rlib(libcrypto-lib-getenv.obj) : warning LNK4099: PDB 'ossl_static.pdb' was not found with 'libopenssl_sys-26e3a0c30580cfb6.rlib(libcrypto-lib-getenv.obj)' or at 'C:\Users\Shehr\work\MedScale-074\target\debug\deps\ossl_static.pdb'; linking object as if no debug infoΓÉì
         libopenssl_sys-26e3a0c30580cfb6.rlib(libcrypto-lib-decoder_meth.obj) : warning LNK4099: PDB 'ossl_static.pdb' was not found with 'libopenssl_sys-26e3a0c30580cfb6.rlib(libcrypto-lib-decoder_meth.obj)' or at 'C:\Users\Shehr\work\MedScale-074\target\debug\deps\ossl_static.pdb'; linking object as if no debug infoΓÉì
         libopenssl_sys-26e3a0c30580cfb6.rlib(libcrypto-lib-decoder_pkey.obj) : warning LNK4099: PDB 'ossl_static.pdb' was not found with 'libopenssl_sys-26e3a0c30580cfb6.rlib(libcrypto-lib-decoder_pkey.obj)' or at 'C:\Users\Shehr\work\MedScale-074\target\debug\deps\ossl_static.pdb'; linking object as if no debug infoΓÉì
         libopenssl_sys-26e3a0c30580cfb6.rlib(libcrypto-lib-encoder_meth.obj) : warning LNK4099: PDB 'ossl_static.pdb' was not found with 'libopenssl_sys-26e3a0c30580cfb6.rlib(libcrypto-lib-encoder_meth.obj)' or at 'C:\Users\Shehr\work\MedScale-074\target\debug\deps\ossl_static.pdb'; linking object as if no debug infoΓÉì
         libopenssl_sys-26e3a0c30580cfb6.rlib(libcrypto-lib-obj_xref.obj) : warning LNK4099: PDB 'ossl_static.pdb' was not found with 'libopenssl_sys-26e3a0c30580cfb6.rlib(libcrypto-lib-obj_xref.obj)' or at 'C:\Users\Shehr\work\MedScale-074\target\debug\deps\ossl_static.pdb'; linking object as if no debug infoΓÉì
         libopenssl_sys-26e3a0c30580cfb6.rlib(libcrypto-lib-store_meth.obj) : warning LNK4099: PDB 'ossl_static.pdb' was not found with 'libopenssl_sys-26e3a0c30580cfb6.rlib(libcrypto-lib-store_meth.obj)' or at 'C:\Users\Shehr\work\MedScale-074\target\debug\deps\ossl_static.pdb'; linking object as if no debug infoΓÉì
         libopenssl_sys-26e3a0c30580cfb6.rlib(libcrypto-lib-prov_seed.obj) : warning LNK4099: PDB 'ossl_static.pdb' was not found with 'libopenssl_sys-26e3a0c30580cfb6.rlib(libcrypto-lib-prov_seed.obj)' or at 'C:\Users\Shehr\work\MedScale-074\target\debug\deps\ossl_static.pdb'; linking object as if no debug infoΓÉì
         libopenssl_sys-26e3a0c30580cfb6.rlib(libcrypto-lib-dso_lib.obj) : warning LNK4099: PDB 'ossl_static.pdb' was not found with 'libopenssl_sys-26e3a0c30580cfb6.rlib(libcrypto-lib-dso_lib.obj)' or at 'C:\Users\Shehr\work\MedScale-074\target\debug\deps\ossl_static.pdb'; linking object as if no debug infoΓÉì
         libopenssl_sys-26e3a0c30580cfb6.rlib(libcrypto-lib-provider_child.obj) : warning LNK4099: PDB 'ossl_static.pdb' was not found with 'libopenssl_sys-26e3a0c30580cfb6.rlib(libcrypto-lib-provider_child.obj)' or at 'C:\Users\Shehr\work\MedScale-074\target\debug\deps\ossl_static.pdb'; linking object as if no debug infoΓÉì
         libopenssl_sys-26e3a0c30580cfb6.rlib(libcrypto-lib-self_test_core.obj) : warning LNK4099: PDB 'ossl_static.pdb' was not found with 'libopenssl_sys-26e3a0c30580cfb6.rlib(libcrypto-lib-self_test_core.obj)' or at 'C:\Users\Shehr\work\MedScale-074\target\debug\deps\ossl_static.pdb'; linking object as if no debug infoΓÉì
         libopenssl_sys-26e3a0c30580cfb6.rlib(libcrypto-lib-provider_predefined.obj) : warning LNK4099: PDB 'ossl_static.pdb' was not found with 'libopenssl_sys-26e3a0c30580cfb6.rlib(libcrypto-lib-provider_predefined.obj)' or at 'C:\Users\Shehr\work\MedScale-074\target\debug\deps\ossl_static.pdb'; linking object as if no debug infoΓÉì
         libopenssl_sys-26e3a0c30580cfb6.rlib(libcrypto-lib-property_parse.obj) : warning LNK4099: PDB 'ossl_static.pdb' was not found with 'libopenssl_sys-26e3a0c30580cfb6.rlib(libcrypto-lib-property_parse.obj)' or at 'C:\Users\Shehr\work\MedScale-074\target\debug\deps\ossl_static.pdb'; linking object as if no debug infoΓÉì
         libopenssl_sys-26e3a0c30580cfb6.rlib(libcrypto-lib-property_query.obj) : warning LNK4099: PDB 'ossl_static.pdb' was not found with 'libopenssl_sys-26e3a0c30580cfb6.rlib(libcrypto-lib-property_query.obj)' or at 'C:\Users\Shehr\work\MedScale-074\target\debug\deps\ossl_static.pdb'; linking object as if no debug infoΓÉì
         libopenssl_sys-26e3a0c30580cfb6.rlib(libcrypto-lib-property.obj) : warning LNK4099: PDB 'ossl_static.pdb' was not found with 'libopenssl_sys-26e3a0c30580cfb6.rlib(libcrypto-lib-property.obj)' or at 'C:\Users\Shehr\work\MedScale-074\target\debug\deps\ossl_static.pdb'; linking object as if no debug infoΓÉì
         libopenssl_sys-26e3a0c30580cfb6.rlib(libcrypto-lib-core_fetch.obj) : warning LNK4099: PDB 'ossl_static.pdb' was not found with 'libopenssl_sys-26e3a0c30580cfb6.rlib(libcrypto-lib-core_fetch.obj)' or at 'C:\Users\Shehr\work\MedScale-074\target\debug\deps\ossl_static.pdb'; linking object as if no debug infoΓÉì
         libopenssl_sys-26e3a0c30580cfb6.rlib(libcrypto-lib-core_namemap.obj) : warning LNK4099: PDB 'ossl_static.pdb' was not found with 'libopenssl_sys-26e3a0c30580cfb6.rlib(libcrypto-lib-core_namemap.obj)' or at 'C:\Users\Shehr\work\MedScale-074\target\debug\deps\ossl_static.pdb'; linking object as if no debug infoΓÉì
         libopenssl_sys-26e3a0c30580cfb6.rlib(libcrypto-lib-skeymgmt_meth.obj) : warning LNK4099: PDB 'ossl_static.pdb' was not found with 'libopenssl_sys-26e3a0c30580cfb6.rlib(libcrypto-lib-skeymgmt_meth.obj)' or at 'C:\Users\Shehr\work\MedScale-074\target\debug\deps\ossl_static.pdb'; linking object as if no debug infoΓÉì
         libopenssl_sys-26e3a0c30580cfb6.rlib(libcrypto-lib-eng_list.obj) : warning LNK4099: PDB 'ossl_static.pdb' was not found with 'libopenssl_sys-26e3a0c30580cfb6.rlib(libcrypto-lib-eng_list.obj)' or at 'C:\Users\Shehr\work\MedScale-074\target\debug\deps\ossl_static.pdb'; linking object as if no debug infoΓÉì
         libopenssl_sys-26e3a0c30580cfb6.rlib(libcrypto-lib-eng_table.obj) : warning LNK4099: PDB 'ossl_static.pdb' was not found with 'libopenssl_sys-26e3a0c30580cfb6.rlib(libcrypto-lib-eng_table.obj)' or at 'C:\Users\Shehr\work\MedScale-074\target\debug\deps\ossl_static.pdb'; linking object as if no debug infoΓÉì
         libopenssl_sys-26e3a0c30580cfb6.rlib(libcrypto-lib-p5_crpt.obj) : warning LNK4099: PDB 'ossl_static.pdb' was not found with 'libopenssl_sys-26e3a0c30580cfb6.rlib(libcrypto-lib-p5_crpt.obj)' or at 'C:\Users\Shehr\work\MedScale-074\target\debug\deps\ossl_static.pdb'; linking object as if no debug infoΓÉì
         libopenssl_sys-26e3a0c30580cfb6.rlib(libcrypto-lib-p5_scrypt.obj) : warning LNK4099: PDB 'ossl_static.pdb' was not found with 'libopenssl_sys-26e3a0c30580cfb6.rlib(libcrypto-lib-p5_scrypt.obj)' or at 'C:\Users\Shehr\work\MedScale-074\target\debug\deps\ossl_static.pdb'; linking object as if no debug infoΓÉì
         libopenssl_sys-26e3a0c30580cfb6.rlib(libcrypto-lib-p12_crpt.obj) : warning LNK4099: PDB 'ossl_static.pdb' was not found with 'libopenssl_sys-26e3a0c30580cfb6.rlib(libcrypto-lib-p12_crpt.obj)' or at 'C:\Users\Shehr\work\MedScale-074\target\debug\deps\ossl_static.pdb'; linking object as if no debug infoΓÉì
         libopenssl_sys-26e3a0c30580cfb6.rlib(libcrypto-lib-comp_methods.obj) : warning LNK4099: PDB 'ossl_static.pdb' was not found with 'libopenssl_sys-26e3a0c30580cfb6.rlib(libcrypto-lib-comp_methods.obj)' or at 'C:\Users\Shehr\work\MedScale-074\target\debug\deps\ossl_static.pdb'; linking object as if no debug infoΓÉì
         libopenssl_sys-26e3a0c30580cfb6.rlib(libcrypto-lib-bss_core.obj) : warning LNK4099: PDB 'ossl_static.pdb' was not found with 'libopenssl_sys-26e3a0c30580cfb6.rlib(libcrypto-lib-bss_core.obj)' or at 'C:\Users\Shehr\work\MedScale-074\target\debug\deps\ossl_static.pdb'; linking object as if no debug infoΓÉì
         libopenssl_sys-26e3a0c30580cfb6.rlib(libcrypto-lib-property_string.obj) : warning LNK4099: PDB 'ossl_static.pdb' was not found with 'libopenssl_sys-26e3a0c30580cfb6.rlib(libcrypto-lib-property_string.obj)' or at 'C:\Users\Shehr\work\MedScale-074\target\debug\deps\ossl_static.pdb'; linking object as if no debug infoΓÉì
         libopenssl_sys-26e3a0c30580cfb6.rlib(libcrypto-lib-defn_cache.obj) : warning LNK4099: PDB 'ossl_static.pdb' was not found with 'libopenssl_sys-26e3a0c30580cfb6.rlib(libcrypto-lib-defn_cache.obj)' or at 'C:\Users\Shehr\work\MedScale-074\target\debug\deps\ossl_static.pdb'; linking object as if no debug infoΓÉì
         libopenssl_sys-26e3a0c30580cfb6.rlib(libcrypto-lib-provider_conf.obj) : warning LNK4099: PDB 'ossl_static.pdb' was not found with 'libopenssl_sys-26e3a0c30580cfb6.rlib(libcrypto-lib-provider_conf.obj)' or at 'C:\Users\Shehr\work\MedScale-074\target\debug\deps\ossl_static.pdb'; linking object as if no debug infoΓÉì
         libopenssl_sys-26e3a0c30580cfb6.rlib(libdefault-lib-drbg.obj) : warning LNK4099: PDB 'ossl_static.pdb' was not found with 'libopenssl_sys-26e3a0c30580cfb6.rlib(libdefault-lib-drbg.obj)' or at 'C:\Users\Shehr\work\MedScale-074\target\debug\deps\ossl_static.pdb'; linking object as if no debug infoΓÉì
         libopenssl_sys-26e3a0c30580cfb6.rlib(libcrypto-lib-internal.obj) : warning LNK4099: PDB 'ossl_static.pdb' was not found with 'libopenssl_sys-26e3a0c30580cfb6.rlib(libcrypto-lib-internal.obj)' or at 'C:\Users\Shehr\work\MedScale-074\target\debug\deps\ossl_static.pdb'; linking object as if no debug infoΓÉì
         libopenssl_sys-26e3a0c30580cfb6.rlib(libcrypto-lib-sparse_array.obj) : warning LNK4099: PDB 'ossl_static.pdb' was not found with 'libopenssl_sys-26e3a0c30580cfb6.rlib(libcrypto-lib-sparse_array.obj)' or at 'C:\Users\Shehr\work\MedScale-074\target\debug\deps\ossl_static.pdb'; linking object as if no debug infoΓÉì
         libopenssl_sys-26e3a0c30580cfb6.rlib(libcrypto-lib-bss_file.obj) : warning LNK4099: PDB 'ossl_static.pdb' was not found with 'libopenssl_sys-26e3a0c30580cfb6.rlib(libcrypto-lib-bss_file.obj)' or at 'C:\Users\Shehr\work\MedScale-074\target\debug\deps\ossl_static.pdb'; linking object as if no debug infoΓÉì
         libopenssl_sys-26e3a0c30580cfb6.rlib(libcrypto-lib-conf_def.obj) : warning LNK4099: PDB 'ossl_static.pdb' was not found with 'libopenssl_sys-26e3a0c30580cfb6.rlib(libcrypto-lib-conf_def.obj)' or at 'C:\Users\Shehr\work\MedScale-074\target\debug\deps\ossl_static.pdb'; linking object as if no debug infoΓÉì
         libopenssl_sys-26e3a0c30580cfb6.rlib(libcrypto-lib-conf_api.obj) : warning LNK4099: PDB 'ossl_static.pdb' was not found with 'libopenssl_sys-26e3a0c30580cfb6.rlib(libcrypto-lib-conf_api.obj)' or at 'C:\Users\Shehr\work\MedScale-074\target\debug\deps\ossl_static.pdb'; linking object as if no debug infoΓÉì
         libopenssl_sys-26e3a0c30580cfb6.rlib(libcrypto-lib-conf_mall.obj) : warning LNK4099: PDB 'ossl_static.pdb' was not found with 'libopenssl_sys-26e3a0c30580cfb6.rlib(libcrypto-lib-conf_mall.obj)' or at 'C:\Users\Shehr\work\MedScale-074\target\debug\deps\ossl_static.pdb'; linking object as if no debug infoΓÉì
         libopenssl_sys-26e3a0c30580cfb6.rlib(libcrypto-lib-x509_def.obj) : warning LNK4099: PDB 'ossl_static.pdb' was not found with 'libopenssl_sys-26e3a0c30580cfb6.rlib(libcrypto-lib-x509_def.obj)' or at 'C:\Users\Shehr\work\MedScale-074\target\debug\deps\ossl_static.pdb'; linking object as if no debug infoΓÉì
         libopenssl_sys-26e3a0c30580cfb6.rlib(libcrypto-lib-eng_all.obj) : warning LNK4099: PDB 'ossl_static.pdb' was not found with 'libopenssl_sys-26e3a0c30580cfb6.rlib(libcrypto-lib-eng_all.obj)' or at 'C:\Users\Shehr\work\MedScale-074\target\debug\deps\ossl_static.pdb'; linking object as if no debug infoΓÉì
         libopenssl_sys-26e3a0c30580cfb6.rlib(libcrypto-lib-time.obj) : warning LNK4099: PDB 'ossl_static.pdb' was not found with 'libopenssl_sys-26e3a0c30580cfb6.rlib(libcrypto-lib-time.obj)' or at 'C:\Users\Shehr\work\MedScale-074\target\debug\deps\ossl_static.pdb'; linking object as if no debug infoΓÉì
         libopenssl_sys-26e3a0c30580cfb6.rlib(libcrypto-lib-e_des.obj) : warning LNK4099: PDB 'ossl_static.pdb' was not found with 'libopenssl_sys-26e3a0c30580cfb6.rlib(libcrypto-lib-e_des.obj)' or at 'C:\Users\Shehr\work\MedScale-074\target\debug\deps\ossl_static.pdb'; linking object as if no debug infoΓÉì
         libopenssl_sys-26e3a0c30580cfb6.rlib(libcrypto-lib-e_des3.obj) : warning LNK4099: PDB 'ossl_static.pdb' was not found with 'libopenssl_sys-26e3a0c30580cfb6.rlib(libcrypto-lib-e_des3.obj)' or at 'C:\Users\Shehr\work\MedScale-074\target\debug\deps\ossl_static.pdb'; linking object as if no debug infoΓÉì
         libopenssl_sys-26e3a0c30580cfb6.rlib(libcrypto-lib-e_xcbc_d.obj) : warning LNK4099: PDB 'ossl_static.pdb' was not found with 'libopenssl_sys-26e3a0c30580cfb6.rlib(libcrypto-lib-e_xcbc_d.obj)' or at 'C:\Users\Shehr\work\MedScale-074\target\debug\deps\ossl_static.pdb'; linking object as if no debug infoΓÉì
         libopenssl_sys-26e3a0c30580cfb6.rlib(libcrypto-lib-e_rc4.obj) : warning LNK4099: PDB 'ossl_static.pdb' was not found with 'libopenssl_sys-26e3a0c30580cfb6.rlib(libcrypto-lib-e_rc4.obj)' or at 'C:\Users\Shehr\work\MedScale-074\target\debug\deps\ossl_static.pdb'; linking object as if no debug infoΓÉì
         libopenssl_sys-26e3a0c30580cfb6.rlib(libcrypto-lib-e_rc4_hmac_md5.obj) : warning LNK4099: PDB 'ossl_static.pdb' was not found with 'libopenssl_sys-26e3a0c30580cfb6.rlib(libcrypto-lib-e_rc4_hmac_md5.obj)' or at 'C:\Users\Shehr\work\MedScale-074\target\debug\deps\ossl_static.pdb'; linking object as if no debug infoΓÉì
         libopenssl_sys-26e3a0c30580cfb6.rlib(libcrypto-lib-e_rc2.obj) : warning LNK4099: PDB 'ossl_static.pdb' was not found with 'libopenssl_sys-26e3a0c30580cfb6.rlib(libcrypto-lib-e_rc2.obj)' or at 'C:\Users\Shehr\work\MedScale-074\target\debug\deps\ossl_static.pdb'; linking object as if no debug infoΓÉì
         libopenssl_sys-26e3a0c30580cfb6.rlib(libcrypto-lib-e_bf.obj) : warning LNK4099: PDB 'ossl_static.pdb' was not found with 'libopenssl_sys-26e3a0c30580cfb6.rlib(libcrypto-lib-e_bf.obj)' or at 'C:\Users\Shehr\work\MedScale-074\target\debug\deps\ossl_static.pdb'; linking object as if no debug infoΓÉì
         libopenssl_sys-26e3a0c30580cfb6.rlib(libcrypto-lib-e_cast.obj) : warning LNK4099: PDB 'ossl_static.pdb' was not found with 'libopenssl_sys-26e3a0c30580cfb6.rlib(libcrypto-lib-e_cast.obj)' or at 'C:\Users\Shehr\work\MedScale-074\target\debug\deps\ossl_static.pdb'; linking object as if no debug infoΓÉì
         libopenssl_sys-26e3a0c30580cfb6.rlib(libcrypto-lib-e_aes_cbc_hmac_sha1.obj) : warning LNK4099: PDB 'ossl_static.pdb' was not found with 'libopenssl_sys-26e3a0c30580cfb6.rlib(libcrypto-lib-e_aes_cbc_hmac_sha1.obj)' or at 'C:\Users\Shehr\work\MedScale-074\target\debug\deps\ossl_static.pdb'; linking object as if no debug infoΓÉì
         libopenssl_sys-26e3a0c30580cfb6.rlib(libcrypto-lib-e_aes_cbc_hmac_sha256.obj) : warning LNK4099: PDB 'ossl_static.pdb' was not found with 'libopenssl_sys-26e3a0c30580cfb6.rlib(libcrypto-lib-e_aes_cbc_hmac_sha256.obj)' or at 'C:\Users\Shehr\work\MedScale-074\target\debug\deps\ossl_static.pdb'; linking object as if no debug infoΓÉì
         libopenssl_sys-26e3a0c30580cfb6.rlib(libcrypto-lib-e_aria.obj) : warning LNK4099: PDB 'ossl_static.pdb' was not found with 'libopenssl_sys-26e3a0c30580cfb6.rlib(libcrypto-lib-e_aria.obj)' or at 'C:\Users\Shehr\work\MedScale-074\target\debug\deps\ossl_static.pdb'; linking object as if no debug infoΓÉì
         libopenssl_sys-26e3a0c30580cfb6.rlib(libcrypto-lib-e_chacha20_poly1305.obj) : warning LNK4099: PDB 'ossl_static.pdb' was not found with 'libopenssl_sys-26e3a0c30580cfb6.rlib(libcrypto-lib-e_chacha20_poly1305.obj)' or at 'C:\Users\Shehr\work\MedScale-074\target\debug\deps\ossl_static.pdb'; linking object as if no debug infoΓÉì
         libopenssl_sys-26e3a0c30580cfb6.rlib(libcrypto-lib-e_sm4.obj) : warning LNK4099: PDB 'ossl_static.pdb' was not found with 'libopenssl_sys-26e3a0c30580cfb6.rlib(libcrypto-lib-e_sm4.obj)' or at 'C:\Users\Shehr\work\MedScale-074\target\debug\deps\ossl_static.pdb'; linking object as if no debug infoΓÉì
         libopenssl_sys-26e3a0c30580cfb6.rlib(libcrypto-lib-legacy_md4.obj) : warning LNK4099: PDB 'ossl_static.pdb' was not found with 'libopenssl_sys-26e3a0c30580cfb6.rlib(libcrypto-lib-legacy_md4.obj)' or at 'C:\Users\Shehr\work\MedScale-074\target\debug\deps\ossl_static.pdb'; linking object as if no debug infoΓÉì
         libopenssl_sys-26e3a0c30580cfb6.rlib(libcrypto-lib-legacy_md5.obj) : warning LNK4099: PDB 'ossl_static.pdb' was not found with 'libopenssl_sys-26e3a0c30580cfb6.rlib(libcrypto-lib-legacy_md5.obj)' or at 'C:\Users\Shehr\work\MedScale-074\target\debug\deps\ossl_static.pdb'; linking object as if no debug infoΓÉì
         libopenssl_sys-26e3a0c30580cfb6.rlib(libcrypto-lib-legacy_md5_sha1.obj) : warning LNK4099: PDB 'ossl_static.pdb' was not found with 'libopenssl_sys-26e3a0c30580cfb6.rlib(libcrypto-lib-legacy_md5_sha1.obj)' or at 'C:\Users\Shehr\work\MedScale-074\target\debug\deps\ossl_static.pdb'; linking object as if no debug infoΓÉì
         libopenssl_sys-26e3a0c30580cfb6.rlib(libcrypto-lib-legacy_blake2.obj) : warning LNK4099: PDB 'ossl_static.pdb' was not found with 'libopenssl_sys-26e3a0c30580cfb6.rlib(libcrypto-lib-legacy_blake2.obj)' or at 'C:\Users\Shehr\work\MedScale-074\target\debug\deps\ossl_static.pdb'; linking object as if no debug infoΓÉì
         libopenssl_sys-26e3a0c30580cfb6.rlib(libcrypto-lib-legacy_mdc2.obj) : warning LNK4099: PDB 'ossl_static.pdb' was not found with 'libopenssl_sys-26e3a0c30580cfb6.rlib(libcrypto-lib-legacy_mdc2.obj)' or at 'C:\Users\Shehr\work\MedScale-074\target\debug\deps\ossl_static.pdb'; linking object as if no debug infoΓÉì
         libopenssl_sys-26e3a0c30580cfb6.rlib(libcrypto-lib-legacy_ripemd.obj) : warning LNK4099: PDB 'ossl_static.pdb' was not found with 'libopenssl_sys-26e3a0c30580cfb6.rlib(libcrypto-lib-legacy_ripemd.obj)' or at 'C:\Users\Shehr\work\MedScale-074\target\debug\deps\ossl_static.pdb'; linking object as if no debug infoΓÉì
         libopenssl_sys-26e3a0c30580cfb6.rlib(libcrypto-lib-legacy_wp.obj) : warning LNK4099: PDB 'ossl_static.pdb' was not found with 'libopenssl_sys-26e3a0c30580cfb6.rlib(libcrypto-lib-legacy_wp.obj)' or at 'C:\Users\Shehr\work\MedScale-074\target\debug\deps\ossl_static.pdb'; linking object as if no debug infoΓÉì
         libopenssl_sys-26e3a0c30580cfb6.rlib(libcrypto-lib-legacy_sm3.obj) : warning LNK4099: PDB 'ossl_static.pdb' was not found with 'libopenssl_sys-26e3a0c30580cfb6.rlib(libcrypto-lib-legacy_sm3.obj)' or at 'C:\Users\Shehr\work\MedScale-074\target\debug\deps\ossl_static.pdb'; linking object as if no debug infoΓÉì
         libopenssl_sys-26e3a0c30580cfb6.rlib(libcrypto-lib-async_win.obj) : warning LNK4099: PDB 'ossl_static.pdb' was not found with 'libopenssl_sys-26e3a0c30580cfb6.rlib(libcrypto-lib-async_win.obj)' or at 'C:\Users\Shehr\work\MedScale-074\target\debug\deps\ossl_static.pdb'; linking object as if no debug infoΓÉì
         libopenssl_sys-26e3a0c30580cfb6.rlib(libcrypto-lib-async_wait.obj) : warning LNK4099: PDB 'ossl_static.pdb' was not found with 'libopenssl_sys-26e3a0c30580cfb6.rlib(libcrypto-lib-async_wait.obj)' or at 'C:\Users\Shehr\work\MedScale-074\target\debug\deps\ossl_static.pdb'; linking object as if no debug infoΓÉì
         libopenssl_sys-26e3a0c30580cfb6.rlib(libcrypto-lib-tb_rsa.obj) : warning LNK4099: PDB 'ossl_static.pdb' was not found with 'libopenssl_sys-26e3a0c30580cfb6.rlib(libcrypto-lib-tb_rsa.obj)' or at 'C:\Users\Shehr\work\MedScale-074\target\debug\deps\ossl_static.pdb'; linking object as if no debug infoΓÉì
         libopenssl_sys-26e3a0c30580cfb6.rlib(libcrypto-lib-tb_dsa.obj) : warning LNK4099: PDB 'ossl_static.pdb' was not found with 'libopenssl_sys-26e3a0c30580cfb6.rlib(libcrypto-lib-tb_dsa.obj)' or at 'C:\Users\Shehr\work\MedScale-074\target\debug\deps\ossl_static.pdb'; linking object as if no debug infoΓÉì
         libopenssl_sys-26e3a0c30580cfb6.rlib(libcrypto-lib-tb_eckey.obj) : warning LNK4099: PDB 'ossl_static.pdb' was not found with 'libopenssl_sys-26e3a0c30580cfb6.rlib(libcrypto-lib-tb_eckey.obj)' or at 'C:\Users\Shehr\work\MedScale-074\target\debug\deps\ossl_static.pdb'; linking object as if no debug infoΓÉì
         libopenssl_sys-26e3a0c30580cfb6.rlib(libcrypto-lib-tb_dh.obj) : warning LNK4099: PDB 'ossl_static.pdb' was not found with 'libopenssl_sys-26e3a0c30580cfb6.rlib(libcrypto-lib-tb_dh.obj)' or at 'C:\Users\Shehr\work\MedScale-074\target\debug\deps\ossl_static.pdb'; linking object as if no debug infoΓÉì
         libopenssl_sys-26e3a0c30580cfb6.rlib(libcrypto-lib-tb_asnmth.obj) : warning LNK4099: PDB 'ossl_static.pdb' was not found with 'libopenssl_sys-26e3a0c30580cfb6.rlib(libcrypto-lib-tb_asnmth.obj)' or at 'C:\Users\Shehr\work\MedScale-074\target\debug\deps\ossl_static.pdb'; linking object as if no debug infoΓÉì
         libopenssl_sys-26e3a0c30580cfb6.rlib(libcrypto-lib-rsa_ossl.obj) : warning LNK4099: PDB 'ossl_static.pdb' was not found with 'libopenssl_sys-26e3a0c30580cfb6.rlib(libcrypto-lib-rsa_ossl.obj)' or at 'C:\Users\Shehr\work\MedScale-074\target\debug\deps\ossl_static.pdb'; linking object as if no debug infoΓÉì
         libopenssl_sys-26e3a0c30580cfb6.rlib(libcrypto-lib-dh_key.obj) : warning LNK4099: PDB 'ossl_static.pdb' was not found with 'libopenssl_sys-26e3a0c30580cfb6.rlib(libcrypto-lib-dh_key.obj)' or at 'C:\Users\Shehr\work\MedScale-074\target\debug\deps\ossl_static.pdb'; linking object as if no debug infoΓÉì
         libopenssl_sys-26e3a0c30580cfb6.rlib(libcrypto-lib-dsa_ossl.obj) : warning LNK4099: PDB 'ossl_static.pdb' was not found with 'libopenssl_sys-26e3a0c30580cfb6.rlib(libcrypto-lib-dsa_ossl.obj)' or at 'C:\Users\Shehr\work\MedScale-074\target\debug\deps\ossl_static.pdb'; linking object as if no debug infoΓÉì
         libopenssl_sys-26e3a0c30580cfb6.rlib(libcrypto-lib-ec_kmeth.obj) : warning LNK4099: PDB 'ossl_static.pdb' was not found with 'libopenssl_sys-26e3a0c30580cfb6.rlib(libcrypto-lib-ec_kmeth.obj)' or at 'C:\Users\Shehr\work\MedScale-074\target\debug\deps\ossl_static.pdb'; linking object as if no debug infoΓÉì
         libopenssl_sys-26e3a0c30580cfb6.rlib(libcrypto-lib-cmeth_lib.obj) : warning LNK4099: PDB 'ossl_static.pdb' was not found with 'libopenssl_sys-26e3a0c30580cfb6.rlib(libcrypto-lib-cmeth_lib.obj)' or at 'C:\Users\Shehr\work\MedScale-074\target\debug\deps\ossl_static.pdb'; linking object as if no debug infoΓÉì
         libopenssl_sys-26e3a0c30580cfb6.rlib(libcrypto-lib-pem_pkey.obj) : warning LNK4099: PDB 'ossl_static.pdb' was not found with 'libopenssl_sys-26e3a0c30580cfb6.rlib(libcrypto-lib-pem_pkey.obj)' or at 'C:\Users\Shehr\work\MedScale-074\target\debug\deps\ossl_static.pdb'; linking object as if no debug infoΓÉì
         libopenssl_sys-26e3a0c30580cfb6.rlib(libcrypto-lib-eng_pkey.obj) : warning LNK4099: PDB 'ossl_static.pdb' was not found with 'libopenssl_sys-26e3a0c30580cfb6.rlib(libcrypto-lib-eng_pkey.obj)' or at 'C:\Users\Shehr\work\MedScale-074\target\debug\deps\ossl_static.pdb'; linking object as if no debug infoΓÉì
         libopenssl_sys-26e3a0c30580cfb6.rlib(libcrypto-lib-cpt_err.obj) : warning LNK4099: PDB 'ossl_static.pdb' was not found with 'libopenssl_sys-26e3a0c30580cfb6.rlib(libcrypto-lib-cpt_err.obj)' or at 'C:\Users\Shehr\work\MedScale-074\target\debug\deps\ossl_static.pdb'; linking object as if no debug infoΓÉì
         libopenssl_sys-26e3a0c30580cfb6.rlib(libcrypto-lib-asn1_err.obj) : warning LNK4099: PDB 'ossl_static.pdb' was not found with 'libopenssl_sys-26e3a0c30580cfb6.rlib(libcrypto-lib-asn1_err.obj)' or at 'C:\Users\Shehr\work\MedScale-074\target\debug\deps\ossl_static.pdb'; linking object as if no debug infoΓÉì
         libopenssl_sys-26e3a0c30580cfb6.rlib(libcrypto-lib-bn_err.obj) : warning LNK4099: PDB 'ossl_static.pdb' was not found with 'libopenssl_sys-26e3a0c30580cfb6.rlib(libcrypto-lib-bn_err.obj)' or at 'C:\Users\Shehr\work\MedScale-074\target\debug\deps\ossl_static.pdb'; linking object as if no debug infoΓÉì
         libopenssl_sys-26e3a0c30580cfb6.rlib(libcrypto-lib-ec_err.obj) : warning LNK4099: PDB 'ossl_static.pdb' was not found with 'libopenssl_sys-26e3a0c30580cfb6.rlib(libcrypto-lib-ec_err.obj)' or at 'C:\Users\Shehr\work\MedScale-074\target\debug\deps\ossl_static.pdb'; linking object as if no debug infoΓÉì
         libopenssl_sys-26e3a0c30580cfb6.rlib(libcrypto-lib-buf_err.obj) : warning LNK4099: PDB 'ossl_static.pdb' was not found with 'libopenssl_sys-26e3a0c30580cfb6.rlib(libcrypto-lib-buf_err.obj)' or at 'C:\Users\Shehr\work\MedScale-074\target\debug\deps\ossl_static.pdb'; linking object as if no debug infoΓÉì
         libopenssl_sys-26e3a0c30580cfb6.rlib(libcrypto-lib-bio_err.obj) : warning LNK4099: PDB 'ossl_static.pdb' was not found with 'libopenssl_sys-26e3a0c30580cfb6.rlib(libcrypto-lib-bio_err.obj)' or at 'C:\Users\Shehr\work\MedScale-074\target\debug\deps\ossl_static.pdb'; linking object as if no debug infoΓÉì
         libopenssl_sys-26e3a0c30580cfb6.rlib(libcrypto-lib-rsa_err.obj) : warning LNK4099: PDB 'ossl_static.pdb' was not found with 'libopenssl_sys-26e3a0c30580cfb6.rlib(libcrypto-lib-rsa_err.obj)' or at 'C:\Users\Shehr\work\MedScale-074\target\debug\deps\ossl_static.pdb'; linking object as if no debug infoΓÉì
         libopenssl_sys-26e3a0c30580cfb6.rlib(libcrypto-lib-dh_err.obj) : warning LNK4099: PDB 'ossl_static.pdb' was not found with 'libopenssl_sys-26e3a0c30580cfb6.rlib(libcrypto-lib-dh_err.obj)' or at 'C:\Users\Shehr\work\MedScale-074\target\debug\deps\ossl_static.pdb'; linking object as if no debug infoΓÉì
         libopenssl_sys-26e3a0c30580cfb6.rlib(libcrypto-lib-dsa_err.obj) : warning LNK4099: PDB 'ossl_static.pdb' was not found with 'libopenssl_sys-26e3a0c30580cfb6.rlib(libcrypto-lib-dsa_err.obj)' or at 'C:\Users\Shehr\work\MedScale-074\target\debug\deps\ossl_static.pdb'; linking object as if no debug infoΓÉì
         libopenssl_sys-26e3a0c30580cfb6.rlib(libcrypto-lib-evp_err.obj) : warning LNK4099: PDB 'ossl_static.pdb' was not found with 'libopenssl_sys-26e3a0c30580cfb6.rlib(libcrypto-lib-evp_err.obj)' or at 'C:\Users\Shehr\work\MedScale-074\target\debug\deps\ossl_static.pdb'; linking object as if no debug infoΓÉì
         libopenssl_sys-26e3a0c30580cfb6.rlib(libcrypto-lib-obj_err.obj) : warning LNK4099: PDB 'ossl_static.pdb' was not found with 'libopenssl_sys-26e3a0c30580cfb6.rlib(libcrypto-lib-obj_err.obj)' or at 'C:\Users\Shehr\work\MedScale-074\target\debug\deps\ossl_static.pdb'; linking object as if no debug infoΓÉì
         libopenssl_sys-26e3a0c30580cfb6.rlib(libcrypto-lib-pem_err.obj) : warning LNK4099: PDB 'ossl_static.pdb' was not found with 'libopenssl_sys-26e3a0c30580cfb6.rlib(libcrypto-lib-pem_err.obj)' or at 'C:\Users\Shehr\work\MedScale-074\target\debug\deps\ossl_static.pdb'; linking object as if no debug infoΓÉì
         libopenssl_sys-26e3a0c30580cfb6.rlib(libcrypto-lib-pkcs7err.obj) : warning LNK4099: PDB 'ossl_static.pdb' was not found with 'libopenssl_sys-26e3a0c30580cfb6.rlib(libcrypto-lib-pkcs7err.obj)' or at 'C:\Users\Shehr\work\MedScale-074\target\debug\deps\ossl_static.pdb'; linking object as if no debug infoΓÉì
         libopenssl_sys-26e3a0c30580cfb6.rlib(libcrypto-lib-x509_err.obj) : warning LNK4099: PDB 'ossl_static.pdb' was not found with 'libopenssl_sys-26e3a0c30580cfb6.rlib(libcrypto-lib-x509_err.obj)' or at 'C:\Users\Shehr\work\MedScale-074\target\debug\deps\ossl_static.pdb'; linking object as if no debug infoΓÉì
         libopenssl_sys-26e3a0c30580cfb6.rlib(libcrypto-lib-v3err.obj) : warning LNK4099: PDB 'ossl_static.pdb' was not found with 'libopenssl_sys-26e3a0c30580cfb6.rlib(libcrypto-lib-v3err.obj)' or at 'C:\Users\Shehr\work\MedScale-074\target\debug\deps\ossl_static.pdb'; linking object as if no debug infoΓÉì
         libopenssl_sys-26e3a0c30580cfb6.rlib(libcrypto-lib-conf_err.obj) : warning LNK4099: PDB 'ossl_static.pdb' was not found with 'libopenssl_sys-26e3a0c30580cfb6.rlib(libcrypto-lib-conf_err.obj)' or at 'C:\Users\Shehr\work\MedScale-074\target\debug\deps\ossl_static.pdb'; linking object as if no debug infoΓÉì
         libopenssl_sys-26e3a0c30580cfb6.rlib(libcrypto-lib-pk12err.obj) : warning LNK4099: PDB 'ossl_static.pdb' was not found with 'libopenssl_sys-26e3a0c30580cfb6.rlib(libcrypto-lib-pk12err.obj)' or at 'C:\Users\Shehr\work\MedScale-074\target\debug\deps\ossl_static.pdb'; linking object as if no debug infoΓÉì
         libopenssl_sys-26e3a0c30580cfb6.rlib(libcrypto-lib-rand_err.obj) : warning LNK4099: PDB 'ossl_static.pdb' was not found with 'libopenssl_sys-26e3a0c30580cfb6.rlib(libcrypto-lib-rand_err.obj)' or at 'C:\Users\Shehr\work\MedScale-074\target\debug\deps\ossl_static.pdb'; linking object as if no debug infoΓÉì
         libopenssl_sys-26e3a0c30580cfb6.rlib(libcrypto-lib-dso_err.obj) : warning LNK4099: PDB 'ossl_static.pdb' was not found with 'libopenssl_sys-26e3a0c30580cfb6.rlib(libcrypto-lib-dso_err.obj)' or at 'C:\Users\Shehr\work\MedScale-074\target\debug\deps\ossl_static.pdb'; linking object as if no debug infoΓÉì
         libopenssl_sys-26e3a0c30580cfb6.rlib(libcrypto-lib-eng_err.obj) : warning LNK4099: PDB 'ossl_static.pdb' was not found with 'libopenssl_sys-26e3a0c30580cfb6.rlib(libcrypto-lib-eng_err.obj)' or at 'C:\Users\Shehr\work\MedScale-074\target\debug\deps\ossl_static.pdb'; linking object as if no debug infoΓÉì
         libopenssl_sys-26e3a0c30580cfb6.rlib(libcrypto-lib-ui_err.obj) : warning LNK4099: PDB 'ossl_static.pdb' was not found with 'libopenssl_sys-26e3a0c30580cfb6.rlib(libcrypto-lib-ui_err.obj)' or at 'C:\Users\Shehr\work\MedScale-074\target\debug\deps\ossl_static.pdb'; linking object as if no debug infoΓÉì
         libopenssl_sys-26e3a0c30580cfb6.rlib(libcrypto-lib-http_err.obj) : warning LNK4099: PDB 'ossl_static.pdb' was not found with 'libopenssl_sys-26e3a0c30580cfb6.rlib(libcrypto-lib-http_err.obj)' or at 'C:\Users\Shehr\work\MedScale-074\target\debug\deps\ossl_static.pdb'; linking object as if no debug infoΓÉì
         libopenssl_sys-26e3a0c30580cfb6.rlib(libcrypto-lib-ocsp_err.obj) : warning LNK4099: PDB 'ossl_static.pdb' was not found with 'libopenssl_sys-26e3a0c30580cfb6.rlib(libcrypto-lib-ocsp_err.obj)' or at 'C:\Users\Shehr\work\MedScale-074\target\debug\deps\ossl_static.pdb'; linking object as if no debug infoΓÉì
         libopenssl_sys-26e3a0c30580cfb6.rlib(libcrypto-lib-ts_err.obj) : warning LNK4099: PDB 'ossl_static.pdb' was not found with 'libopenssl_sys-26e3a0c30580cfb6.rlib(libcrypto-lib-ts_err.obj)' or at 'C:\Users\Shehr\work\MedScale-074\target\debug\deps\ossl_static.pdb'; linking object as if no debug infoΓÉì
         libopenssl_sys-26e3a0c30580cfb6.rlib(libcrypto-lib-cms_err.obj) : warning LNK4099: PDB 'ossl_static.pdb' was not found with 'libopenssl_sys-26e3a0c30580cfb6.rlib(libcrypto-lib-cms_err.obj)' or at 'C:\Users\Shehr\work\MedScale-074\target\debug\deps\ossl_static.pdb'; linking object as if no debug infoΓÉì
         libopenssl_sys-26e3a0c30580cfb6.rlib(libcrypto-lib-crmf_err.obj) : warning LNK4099: PDB 'ossl_static.pdb' was not found with 'libopenssl_sys-26e3a0c30580cfb6.rlib(libcrypto-lib-crmf_err.obj)' or at 'C:\Users\Shehr\work\MedScale-074\target\debug\deps\ossl_static.pdb'; linking object as if no debug infoΓÉì
         libopenssl_sys-26e3a0c30580cfb6.rlib(libcrypto-lib-cmp_err.obj) : warning LNK4099: PDB 'ossl_static.pdb' was not found with 'libopenssl_sys-26e3a0c30580cfb6.rlib(libcrypto-lib-cmp_err.obj)' or at 'C:\Users\Shehr\work\MedScale-074\target\debug\deps\ossl_static.pdb'; linking object as if no debug infoΓÉì
         libopenssl_sys-26e3a0c30580cfb6.rlib(libcrypto-lib-ct_err.obj) : warning LNK4099: PDB 'ossl_static.pdb' was not found with 'libopenssl_sys-26e3a0c30580cfb6.rlib(libcrypto-lib-ct_err.obj)' or at 'C:\Users\Shehr\work\MedScale-074\target\debug\deps\ossl_static.pdb'; linking object as if no debug infoΓÉì
         libopenssl_sys-26e3a0c30580cfb6.rlib(libcrypto-lib-async_err.obj) : warning LNK4099: PDB 'ossl_static.pdb' was not found with 'libopenssl_sys-26e3a0c30580cfb6.rlib(libcrypto-lib-async_err.obj)' or at 'C:\Users\Shehr\work\MedScale-074\target\debug\deps\ossl_static.pdb'; linking object as if no debug infoΓÉì
         libopenssl_sys-26e3a0c30580cfb6.rlib(libcrypto-lib-sm2_err.obj) : warning LNK4099: PDB 'ossl_static.pdb' was not found with 'libopenssl_sys-26e3a0c30580cfb6.rlib(libcrypto-lib-sm2_err.obj)' or at 'C:\Users\Shehr\work\MedScale-074\target\debug\deps\ossl_static.pdb'; linking object as if no debug infoΓÉì
         libopenssl_sys-26e3a0c30580cfb6.rlib(libcrypto-lib-store_err.obj) : warning LNK4099: PDB 'ossl_static.pdb' was not found with 'libopenssl_sys-26e3a0c30580cfb6.rlib(libcrypto-lib-store_err.obj)' or at 'C:\Users\Shehr\work\MedScale-074\target\debug\deps\ossl_static.pdb'; linking object as if no debug infoΓÉì
         libopenssl_sys-26e3a0c30580cfb6.rlib(libcrypto-lib-ess_err.obj) : warning LNK4099: PDB 'ossl_static.pdb' was not found with 'libopenssl_sys-26e3a0c30580cfb6.rlib(libcrypto-lib-ess_err.obj)' or at 'C:\Users\Shehr\work\MedScale-074\target\debug\deps\ossl_static.pdb'; linking object as if no debug infoΓÉì
         libopenssl_sys-26e3a0c30580cfb6.rlib(libcrypto-lib-property_err.obj) : warning LNK4099: PDB 'ossl_static.pdb' was not found with 'libopenssl_sys-26e3a0c30580cfb6.rlib(libcrypto-lib-property_err.obj)' or at 'C:\Users\Shehr\work\MedScale-074\target\debug\deps\ossl_static.pdb'; linking object as if no debug infoΓÉì
         libopenssl_sys-26e3a0c30580cfb6.rlib(libcommon-lib-provider_err.obj) : warning LNK4099: PDB 'ossl_static.pdb' was not found with 'libopenssl_sys-26e3a0c30580cfb6.rlib(libcommon-lib-provider_err.obj)' or at 'C:\Users\Shehr\work\MedScale-074\target\debug\deps\ossl_static.pdb'; linking object as if no debug infoΓÉì
         libopenssl_sys-26e3a0c30580cfb6.rlib(libcrypto-lib-store_register.obj) : warning LNK4099: PDB 'ossl_static.pdb' was not found with 'libopenssl_sys-26e3a0c30580cfb6.rlib(libcrypto-lib-store_register.obj)' or at 'C:\Users\Shehr\work\MedScale-074\target\debug\deps\ossl_static.pdb'; linking object as if no debug infoΓÉì
         libopenssl_sys-26e3a0c30580cfb6.rlib(libcrypto-lib-x509_lu.obj) : warning LNK4099: PDB 'ossl_static.pdb' was not found with 'libopenssl_sys-26e3a0c30580cfb6.rlib(libcrypto-lib-x509_lu.obj)' or at 'C:\Users\Shehr\work\MedScale-074\target\debug\deps\ossl_static.pdb'; linking object as if no debug infoΓÉì
         libopenssl_sys-26e3a0c30580cfb6.rlib(libcrypto-lib-x509_vfy.obj) : warning LNK4099: PDB 'ossl_static.pdb' was not found with 'libopenssl_sys-26e3a0c30580cfb6.rlib(libcrypto-lib-x509_vfy.obj)' or at 'C:\Users\Shehr\work\MedScale-074\target\debug\deps\ossl_static.pdb'; linking object as if no debug infoΓÉì
         libopenssl_sys-26e3a0c30580cfb6.rlib(libcrypto-lib-bio_meth.obj) : warning LNK4099: PDB 'ossl_static.pdb' was not found with 'libopenssl_sys-26e3a0c30580cfb6.rlib(libcrypto-lib-bio_meth.obj)' or at 'C:\Users\Shehr\work\MedScale-074\target\debug\deps\ossl_static.pdb'; linking object as if no debug infoΓÉì
         libopenssl_sys-26e3a0c30580cfb6.rlib(libcrypto-lib-bio_sock2.obj) : warning LNK4099: PDB 'ossl_static.pdb' was not found with 'libopenssl_sys-26e3a0c30580cfb6.rlib(libcrypto-lib-bio_sock2.obj)' or at 'C:\Users\Shehr\work\MedScale-074\target\debug\deps\ossl_static.pdb'; linking object as if no debug infoΓÉì
         libopenssl_sys-26e3a0c30580cfb6.rlib(libcrypto-lib-bn_ctx.obj) : warning LNK4099: PDB 'ossl_static.pdb' was not found with 'libopenssl_sys-26e3a0c30580cfb6.rlib(libcrypto-lib-bn_ctx.obj)' or at 'C:\Users\Shehr\work\MedScale-074\target\debug\deps\ossl_static.pdb'; linking object as if no debug infoΓÉì
         libopenssl_sys-26e3a0c30580cfb6.rlib(libcrypto-lib-bn_div.obj) : warning LNK4099: PDB 'ossl_static.pdb' was not found with 'libopenssl_sys-26e3a0c30580cfb6.rlib(libcrypto-lib-bn_div.obj)' or at 'C:\Users\Shehr\work\MedScale-074\target\debug\deps\ossl_static.pdb'; linking object as if no debug infoΓÉì
         libopenssl_sys-26e3a0c30580cfb6.rlib(libcrypto-lib-bn_gcd.obj) : warning LNK4099: PDB 'ossl_static.pdb' was not found with 'libopenssl_sys-26e3a0c30580cfb6.rlib(libcrypto-lib-bn_gcd.obj)' or at 'C:\Users\Shehr\work\MedScale-074\target\debug\deps\ossl_static.pdb'; linking object as if no debug infoΓÉì
         libopenssl_sys-26e3a0c30580cfb6.rlib(libcrypto-lib-bn_mul.obj) : warning LNK4099: PDB 'ossl_static.pdb' was not found with 'libopenssl_sys-26e3a0c30580cfb6.rlib(libcrypto-lib-bn_mul.obj)' or at 'C:\Users\Shehr\work\MedScale-074\target\debug\deps\ossl_static.pdb'; linking object as if no debug infoΓÉì
         libopenssl_sys-26e3a0c30580cfb6.rlib(libcrypto-lib-bn_sqr.obj) : warning LNK4099: PDB 'ossl_static.pdb' was not found with 'libopenssl_sys-26e3a0c30580cfb6.rlib(libcrypto-lib-bn_sqr.obj)' or at 'C:\Users\Shehr\work\MedScale-074\target\debug\deps\ossl_static.pdb'; linking object as if no debug infoΓÉì
         libopenssl_sys-26e3a0c30580cfb6.rlib(libcrypto-lib-tasn_utl.obj) : warning LNK4099: PDB 'ossl_static.pdb' was not found with 'libopenssl_sys-26e3a0c30580cfb6.rlib(libcrypto-lib-tasn_utl.obj)' or at 'C:\Users\Shehr\work\MedScale-074\target\debug\deps\ossl_static.pdb'; linking object as if no debug infoΓÉì
         libopenssl_sys-26e3a0c30580cfb6.rlib(libcrypto-lib-buffer.obj) : warning LNK4099: PDB 'ossl_static.pdb' was not found with 'libopenssl_sys-26e3a0c30580cfb6.rlib(libcrypto-lib-buffer.obj)' or at 'C:\Users\Shehr\work\MedScale-074\target\debug\deps\ossl_static.pdb'; linking object as if no debug infoΓÉì
         libopenssl_sys-26e3a0c30580cfb6.rlib(libcrypto-lib-a_bitstr.obj) : warning LNK4099: PDB 'ossl_static.pdb' was not found with 'libopenssl_sys-26e3a0c30580cfb6.rlib(libcrypto-lib-a_bitstr.obj)' or at 'C:\Users\Shehr\work\MedScale-074\target\debug\deps\ossl_static.pdb'; linking object as if no debug infoΓÉì
         libopenssl_sys-26e3a0c30580cfb6.rlib(libcrypto-lib-quic_vlint.obj) : warning LNK4099: PDB 'ossl_static.pdb' was not found with 'libopenssl_sys-26e3a0c30580cfb6.rlib(libcrypto-lib-quic_vlint.obj)' or at 'C:\Users\Shehr\work\MedScale-074\target\debug\deps\ossl_static.pdb'; linking object as if no debug infoΓÉì
         libopenssl_sys-26e3a0c30580cfb6.rlib(libcrypto-lib-dh_ctrl.obj) : warning LNK4099: PDB 'ossl_static.pdb' was not found with 'libopenssl_sys-26e3a0c30580cfb6.rlib(libcrypto-lib-dh_ctrl.obj)' or at 'C:\Users\Shehr\work\MedScale-074\target\debug\deps\ossl_static.pdb'; linking object as if no debug infoΓÉì
         libopenssl_sys-26e3a0c30580cfb6.rlib(libcrypto-lib-dh_lib.obj) : warning LNK4099: PDB 'ossl_static.pdb' was not found with 'libopenssl_sys-26e3a0c30580cfb6.rlib(libcrypto-lib-dh_lib.obj)' or at 'C:\Users\Shehr\work\MedScale-074\target\debug\deps\ossl_static.pdb'; linking object as if no debug infoΓÉì
         libopenssl_sys-26e3a0c30580cfb6.rlib(libcrypto-lib-dh_gen.obj) : warning LNK4099: PDB 'ossl_static.pdb' was not found with 'libopenssl_sys-26e3a0c30580cfb6.rlib(libcrypto-lib-dh_gen.obj)' or at 'C:\Users\Shehr\work\MedScale-074\target\debug\deps\ossl_static.pdb'; linking object as if no debug infoΓÉì
         libopenssl_sys-26e3a0c30580cfb6.rlib(libcrypto-lib-dh_group_params.obj) : warning LNK4099: PDB 'ossl_static.pdb' was not found with 'libopenssl_sys-26e3a0c30580cfb6.rlib(libcrypto-lib-dh_group_params.obj)' or at 'C:\Users\Shehr\work\MedScale-074\target\debug\deps\ossl_static.pdb'; linking object as if no debug infoΓÉì
         libopenssl_sys-26e3a0c30580cfb6.rlib(libcrypto-lib-dh_kdf.obj) : warning LNK4099: PDB 'ossl_static.pdb' was not found with 'libopenssl_sys-26e3a0c30580cfb6.rlib(libcrypto-lib-dh_kdf.obj)' or at 'C:\Users\Shehr\work\MedScale-074\target\debug\deps\ossl_static.pdb'; linking object as if no debug infoΓÉì
         libopenssl_sys-26e3a0c30580cfb6.rlib(libcrypto-lib-ffc_params.obj) : warning LNK4099: PDB 'ossl_static.pdb' was not found with 'libopenssl_sys-26e3a0c30580cfb6.rlib(libcrypto-lib-ffc_params.obj)' or at 'C:\Users\Shehr\work\MedScale-074\target\debug\deps\ossl_static.pdb'; linking object as if no debug infoΓÉì
         libopenssl_sys-26e3a0c30580cfb6.rlib(libcrypto-lib-ffc_params_generate.obj) : warning LNK4099: PDB 'ossl_static.pdb' was not found with 'libopenssl_sys-26e3a0c30580cfb6.rlib(libcrypto-lib-ffc_params_generate.obj)' or at 'C:\Users\Shehr\work\MedScale-074\target\debug\deps\ossl_static.pdb'; linking object as if no debug infoΓÉì
         libopenssl_sys-26e3a0c30580cfb6.rlib(libcrypto-lib-dsa_ctrl.obj) : warning LNK4099: PDB 'ossl_static.pdb' was not found with 'libopenssl_sys-26e3a0c30580cfb6.rlib(libcrypto-lib-dsa_ctrl.obj)' or at 'C:\Users\Shehr\work\MedScale-074\target\debug\deps\ossl_static.pdb'; linking object as if no debug infoΓÉì
         libopenssl_sys-26e3a0c30580cfb6.rlib(libcrypto-lib-dsa_lib.obj) : warning LNK4099: PDB 'ossl_static.pdb' was not found with 'libopenssl_sys-26e3a0c30580cfb6.rlib(libcrypto-lib-dsa_lib.obj)' or at 'C:\Users\Shehr\work\MedScale-074\target\debug\deps\ossl_static.pdb'; linking object as if no debug infoΓÉì
         libopenssl_sys-26e3a0c30580cfb6.rlib(libcrypto-lib-dsa_sign.obj) : warning LNK4099: PDB 'ossl_static.pdb' was not found with 'libopenssl_sys-26e3a0c30580cfb6.rlib(libcrypto-lib-dsa_sign.obj)' or at 'C:\Users\Shehr\work\MedScale-074\target\debug\deps\ossl_static.pdb'; linking object as if no debug infoΓÉì
         libopenssl_sys-26e3a0c30580cfb6.rlib(libcrypto-lib-dsa_key.obj) : warning LNK4099: PDB 'ossl_static.pdb' was not found with 'libopenssl_sys-26e3a0c30580cfb6.rlib(libcrypto-lib-dsa_key.obj)' or at 'C:\Users\Shehr\work\MedScale-074\target\debug\deps\ossl_static.pdb'; linking object as if no debug infoΓÉì
         libopenssl_sys-26e3a0c30580cfb6.rlib(libcrypto-lib-p_legacy.obj) : warning LNK4099: PDB 'ossl_static.pdb' was not found with 'libopenssl_sys-26e3a0c30580cfb6.rlib(libcrypto-lib-p_legacy.obj)' or at 'C:\Users\Shehr\work\MedScale-074\target\debug\deps\ossl_static.pdb'; linking object as if no debug infoΓÉì
         libopenssl_sys-26e3a0c30580cfb6.rlib(libcrypto-lib-ec_ctrl.obj) : warning LNK4099: PDB 'ossl_static.pdb' was not found with 'libopenssl_sys-26e3a0c30580cfb6.rlib(libcrypto-lib-ec_ctrl.obj)' or at 'C:\Users\Shehr\work\MedScale-074\target\debug\deps\ossl_static.pdb'; linking object as if no debug infoΓÉì
         libopenssl_sys-26e3a0c30580cfb6.rlib(libcrypto-lib-ec_lib.obj) : warning LNK4099: PDB 'ossl_static.pdb' was not found with 'libopenssl_sys-26e3a0c30580cfb6.rlib(libcrypto-lib-ec_lib.obj)' or at 'C:\Users\Shehr\work\MedScale-074\target\debug\deps\ossl_static.pdb'; linking object as if no debug infoΓÉì
         libopenssl_sys-26e3a0c30580cfb6.rlib(libcrypto-lib-ec_curve.obj) : warning LNK4099: PDB 'ossl_static.pdb' was not found with 'libopenssl_sys-26e3a0c30580cfb6.rlib(libcrypto-lib-ec_curve.obj)' or at 'C:\Users\Shehr\work\MedScale-074\target\debug\deps\ossl_static.pdb'; linking object as if no debug infoΓÉì
         libopenssl_sys-26e3a0c30580cfb6.rlib(libcrypto-lib-ec_key.obj) : warning LNK4099: PDB 'ossl_static.pdb' was not found with 'libopenssl_sys-26e3a0c30580cfb6.rlib(libcrypto-lib-ec_key.obj)' or at 'C:\Users\Shehr\work\MedScale-074\target\debug\deps\ossl_static.pdb'; linking object as if no debug infoΓÉì
         libopenssl_sys-26e3a0c30580cfb6.rlib(libcrypto-lib-ecdsa_sign.obj) : warning LNK4099: PDB 'ossl_static.pdb' was not found with 'libopenssl_sys-26e3a0c30580cfb6.rlib(libcrypto-lib-ecdsa_sign.obj)' or at 'C:\Users\Shehr\work\MedScale-074\target\debug\deps\ossl_static.pdb'; linking object as if no debug infoΓÉì
         libopenssl_sys-26e3a0c30580cfb6.rlib(libcrypto-lib-ecdsa_vrf.obj) : warning LNK4099: PDB 'ossl_static.pdb' was not found with 'libopenssl_sys-26e3a0c30580cfb6.rlib(libcrypto-lib-ecdsa_vrf.obj)' or at 'C:\Users\Shehr\work\MedScale-074\target\debug\deps\ossl_static.pdb'; linking object as if no debug infoΓÉì
         libopenssl_sys-26e3a0c30580cfb6.rlib(libcrypto-lib-ec_asn1.obj) : warning LNK4099: PDB 'ossl_static.pdb' was not found with 'libopenssl_sys-26e3a0c30580cfb6.rlib(libcrypto-lib-ec_asn1.obj)' or at 'C:\Users\Shehr\work\MedScale-074\target\debug\deps\ossl_static.pdb'; linking object as if no debug infoΓÉì
         libopenssl_sys-26e3a0c30580cfb6.rlib(libcrypto-lib-ecdh_kdf.obj) : warning LNK4099: PDB 'ossl_static.pdb' was not found with 'libopenssl_sys-26e3a0c30580cfb6.rlib(libcrypto-lib-ecdh_kdf.obj)' or at 'C:\Users\Shehr\work\MedScale-074\target\debug\deps\ossl_static.pdb'; linking object as if no debug infoΓÉì
         libopenssl_sys-26e3a0c30580cfb6.rlib(libcrypto-lib-t_pkey.obj) : warning LNK4099: PDB 'ossl_static.pdb' was not found with 'libopenssl_sys-26e3a0c30580cfb6.rlib(libcrypto-lib-t_pkey.obj)' or at 'C:\Users\Shehr\work\MedScale-074\target\debug\deps\ossl_static.pdb'; linking object as if no debug infoΓÉì
         libopenssl_sys-26e3a0c30580cfb6.rlib(libcrypto-lib-m_null.obj) : warning LNK4099: PDB 'ossl_static.pdb' was not found with 'libopenssl_sys-26e3a0c30580cfb6.rlib(libcrypto-lib-m_null.obj)' or at 'C:\Users\Shehr\work\MedScale-074\target\debug\deps\ossl_static.pdb'; linking object as if no debug infoΓÉì
         libopenssl_sys-26e3a0c30580cfb6.rlib(libcrypto-lib-x509_set.obj) : warning LNK4099: PDB 'ossl_static.pdb' was not found with 'libopenssl_sys-26e3a0c30580cfb6.rlib(libcrypto-lib-x509_set.obj)' or at 'C:\Users\Shehr\work\MedScale-074\target\debug\deps\ossl_static.pdb'; linking object as if no debug infoΓÉì
         libopenssl_sys-26e3a0c30580cfb6.rlib(libcrypto-lib-p8_pkey.obj) : warning LNK4099: PDB 'ossl_static.pdb' was not found with 'libopenssl_sys-26e3a0c30580cfb6.rlib(libcrypto-lib-p8_pkey.obj)' or at 'C:\Users\Shehr\work\MedScale-074\target\debug\deps\ossl_static.pdb'; linking object as if no debug infoΓÉì
         libopenssl_sys-26e3a0c30580cfb6.rlib(libcrypto-lib-x_pubkey.obj) : warning LNK4099: PDB 'ossl_static.pdb' was not found with 'libopenssl_sys-26e3a0c30580cfb6.rlib(libcrypto-lib-x_pubkey.obj)' or at 'C:\Users\Shehr\work\MedScale-074\target\debug\deps\ossl_static.pdb'; linking object as if no debug infoΓÉì
         libopenssl_sys-26e3a0c30580cfb6.rlib(libcrypto-lib-param_build.obj) : warning LNK4099: PDB 'ossl_static.pdb' was not found with 'libopenssl_sys-26e3a0c30580cfb6.rlib(libcrypto-lib-param_build.obj)' or at 'C:\Users\Shehr\work\MedScale-074\target\debug\deps\ossl_static.pdb'; linking object as if no debug infoΓÉì
         libopenssl_sys-26e3a0c30580cfb6.rlib(libcrypto-lib-ecx_key.obj) : warning LNK4099: PDB 'ossl_static.pdb' was not found with 'libopenssl_sys-26e3a0c30580cfb6.rlib(libcrypto-lib-ecx_key.obj)' or at 'C:\Users\Shehr\work\MedScale-074\target\debug\deps\ossl_static.pdb'; linking object as if no debug infoΓÉì
         libopenssl_sys-26e3a0c30580cfb6.rlib(libcrypto-lib-ecx_backend.obj) : warning LNK4099: PDB 'ossl_static.pdb' was not found with 'libopenssl_sys-26e3a0c30580cfb6.rlib(libcrypto-lib-ecx_backend.obj)' or at 'C:\Users\Shehr\work\MedScale-074\target\debug\deps\ossl_static.pdb'; linking object as if no debug infoΓÉì
         libopenssl_sys-26e3a0c30580cfb6.rlib(libcrypto-lib-curve25519.obj) : warning LNK4099: PDB 'ossl_static.pdb' was not found with 'libopenssl_sys-26e3a0c30580cfb6.rlib(libcrypto-lib-curve25519.obj)' or at 'C:\Users\Shehr\work\MedScale-074\target\debug\deps\ossl_static.pdb'; linking object as if no debug infoΓÉì
         libopenssl_sys-26e3a0c30580cfb6.rlib(libcrypto-lib-eddsa.obj) : warning LNK4099: PDB 'ossl_static.pdb' was not found with 'libopenssl_sys-26e3a0c30580cfb6.rlib(libcrypto-lib-eddsa.obj)' or at 'C:\Users\Shehr\work\MedScale-074\target\debug\deps\ossl_static.pdb'; linking object as if no debug infoΓÉì
         libopenssl_sys-26e3a0c30580cfb6.rlib(libcrypto-lib-curve448.obj) : warning LNK4099: PDB 'ossl_static.pdb' was not found with 'libopenssl_sys-26e3a0c30580cfb6.rlib(libcrypto-lib-curve448.obj)' or at 'C:\Users\Shehr\work\MedScale-074\target\debug\deps\ossl_static.pdb'; linking object as if no debug infoΓÉì
         libopenssl_sys-26e3a0c30580cfb6.rlib(libcrypto-lib-rsa_lib.obj) : warning LNK4099: PDB 'ossl_static.pdb' was not found with 'libopenssl_sys-26e3a0c30580cfb6.rlib(libcrypto-lib-rsa_lib.obj)' or at 'C:\Users\Shehr\work\MedScale-074\target\debug\deps\ossl_static.pdb'; linking object as if no debug infoΓÉì
         libopenssl_sys-26e3a0c30580cfb6.rlib(libcrypto-lib-rsa_crpt.obj) : warning LNK4099: PDB 'ossl_static.pdb' was not found with 'libopenssl_sys-26e3a0c30580cfb6.rlib(libcrypto-lib-rsa_crpt.obj)' or at 'C:\Users\Shehr\work\MedScale-074\target\debug\deps\ossl_static.pdb'; linking object as if no debug infoΓÉì
         libopenssl_sys-26e3a0c30580cfb6.rlib(libcrypto-lib-rsa_gen.obj) : warning LNK4099: PDB 'ossl_static.pdb' was not found with 'libopenssl_sys-26e3a0c30580cfb6.rlib(libcrypto-lib-rsa_gen.obj)' or at 'C:\Users\Shehr\work\MedScale-074\target\debug\deps\ossl_static.pdb'; linking object as if no debug infoΓÉì
         libopenssl_sys-26e3a0c30580cfb6.rlib(libcrypto-lib-rsa_sign.obj) : warning LNK4099: PDB 'ossl_static.pdb' was not found with 'libopenssl_sys-26e3a0c30580cfb6.rlib(libcrypto-lib-rsa_sign.obj)' or at 'C:\Users\Shehr\work\MedScale-074\target\debug\deps\ossl_static.pdb'; linking object as if no debug infoΓÉì
         libopenssl_sys-26e3a0c30580cfb6.rlib(libcrypto-lib-rsa_saos.obj) : warning LNK4099: PDB 'ossl_static.pdb' was not found with 'libopenssl_sys-26e3a0c30580cfb6.rlib(libcrypto-lib-rsa_saos.obj)' or at 'C:\Users\Shehr\work\MedScale-074\target\debug\deps\ossl_static.pdb'; linking object as if no debug infoΓÉì
         libopenssl_sys-26e3a0c30580cfb6.rlib(libcrypto-lib-rsa_oaep.obj) : warning LNK4099: PDB 'ossl_static.pdb' was not found with 'libopenssl_sys-26e3a0c30580cfb6.rlib(libcrypto-lib-rsa_oaep.obj)' or at 'C:\Users\Shehr\work\MedScale-074\target\debug\deps\ossl_static.pdb'; linking object as if no debug infoΓÉì
         libopenssl_sys-26e3a0c30580cfb6.rlib(libcrypto-lib-rsa_x931.obj) : warning LNK4099: PDB 'ossl_static.pdb' was not found with 'libopenssl_sys-26e3a0c30580cfb6.rlib(libcrypto-lib-rsa_x931.obj)' or at 'C:\Users\Shehr\work\MedScale-074\target\debug\deps\ossl_static.pdb'; linking object as if no debug infoΓÉì
         libopenssl_sys-26e3a0c30580cfb6.rlib(libcrypto-lib-rsa_pss.obj) : warning LNK4099: PDB 'ossl_static.pdb' was not found with 'libopenssl_sys-26e3a0c30580cfb6.rlib(libcrypto-lib-rsa_pss.obj)' or at 'C:\Users\Shehr\work\MedScale-074\target\debug\deps\ossl_static.pdb'; linking object as if no debug infoΓÉì
         libopenssl_sys-26e3a0c30580cfb6.rlib(libcrypto-lib-rsa_ameth.obj) : warning LNK4099: PDB 'ossl_static.pdb' was not found with 'libopenssl_sys-26e3a0c30580cfb6.rlib(libcrypto-lib-rsa_ameth.obj)' or at 'C:\Users\Shehr\work\MedScale-074\target\debug\deps\ossl_static.pdb'; linking object as if no debug infoΓÉì
         libopenssl_sys-26e3a0c30580cfb6.rlib(libcrypto-lib-ameth_lib.obj) : warning LNK4099: PDB 'ossl_static.pdb' was not found with 'libopenssl_sys-26e3a0c30580cfb6.rlib(libcrypto-lib-ameth_lib.obj)' or at 'C:\Users\Shehr\work\MedScale-074\target\debug\deps\ossl_static.pdb'; linking object as if no debug infoΓÉì
         libopenssl_sys-26e3a0c30580cfb6.rlib(libcrypto-lib-bf_prefix.obj) : warning LNK4099: PDB 'ossl_static.pdb' was not found with 'libopenssl_sys-26e3a0c30580cfb6.rlib(libcrypto-lib-bf_prefix.obj)' or at 'C:\Users\Shehr\work\MedScale-074\target\debug\deps\ossl_static.pdb'; linking object as if no debug infoΓÉì
         libopenssl_sys-26e3a0c30580cfb6.rlib(libcrypto-lib-x_attrib.obj) : warning LNK4099: PDB 'ossl_static.pdb' was not found with 'libopenssl_sys-26e3a0c30580cfb6.rlib(libcrypto-lib-x_attrib.obj)' or at 'C:\Users\Shehr\work\MedScale-074\target\debug\deps\ossl_static.pdb'; linking object as if no debug infoΓÉì
         libopenssl_sys-26e3a0c30580cfb6.rlib(libcrypto-lib-encoder_lib.obj) : warning LNK4099: PDB 'ossl_static.pdb' was not found with 'libopenssl_sys-26e3a0c30580cfb6.rlib(libcrypto-lib-encoder_lib.obj)' or at 'C:\Users\Shehr\work\MedScale-074\target\debug\deps\ossl_static.pdb'; linking object as if no debug infoΓÉì
         libopenssl_sys-26e3a0c30580cfb6.rlib(libcrypto-lib-encoder_pkey.obj) : warning LNK4099: PDB 'ossl_static.pdb' was not found with 'libopenssl_sys-26e3a0c30580cfb6.rlib(libcrypto-lib-encoder_pkey.obj)' or at 'C:\Users\Shehr\work\MedScale-074\target\debug\deps\ossl_static.pdb'; linking object as if no debug infoΓÉì
         libopenssl_sys-26e3a0c30580cfb6.rlib(libcrypto-lib-dh_backend.obj) : warning LNK4099: PDB 'ossl_static.pdb' was not found with 'libopenssl_sys-26e3a0c30580cfb6.rlib(libcrypto-lib-dh_backend.obj)' or at 'C:\Users\Shehr\work\MedScale-074\target\debug\deps\ossl_static.pdb'; linking object as if no debug infoΓÉì
         libopenssl_sys-26e3a0c30580cfb6.rlib(libcrypto-lib-dsa_backend.obj) : warning LNK4099: PDB 'ossl_static.pdb' was not found with 'libopenssl_sys-26e3a0c30580cfb6.rlib(libcrypto-lib-dsa_backend.obj)' or at 'C:\Users\Shehr\work\MedScale-074\target\debug\deps\ossl_static.pdb'; linking object as if no debug infoΓÉì
         libopenssl_sys-26e3a0c30580cfb6.rlib(libcrypto-lib-ec_backend.obj) : warning LNK4099: PDB 'ossl_static.pdb' was not found with 'libopenssl_sys-26e3a0c30580cfb6.rlib(libcrypto-lib-ec_backend.obj)' or at 'C:\Users\Shehr\work\MedScale-074\target\debug\deps\ossl_static.pdb'; linking object as if no debug infoΓÉì
         libopenssl_sys-26e3a0c30580cfb6.rlib(libcrypto-lib-rsa_backend.obj) : warning LNK4099: PDB 'ossl_static.pdb' was not found with 'libopenssl_sys-26e3a0c30580cfb6.rlib(libcrypto-lib-rsa_backend.obj)' or at 'C:\Users\Shehr\work\MedScale-074\target\debug\deps\ossl_static.pdb'; linking object as if no debug infoΓÉì
         libopenssl_sys-26e3a0c30580cfb6.rlib(libcrypto-lib-x509_att.obj) : warning LNK4099: PDB 'ossl_static.pdb' was not found with 'libopenssl_sys-26e3a0c30580cfb6.rlib(libcrypto-lib-x509_att.obj)' or at 'C:\Users\Shehr\work\MedScale-074\target\debug\deps\ossl_static.pdb'; linking object as if no debug infoΓÉì
         libopenssl_sys-26e3a0c30580cfb6.rlib(libcrypto-lib-pmeth_check.obj) : warning LNK4099: PDB 'ossl_static.pdb' was not found with 'libopenssl_sys-26e3a0c30580cfb6.rlib(libcrypto-lib-pmeth_check.obj)' or at 'C:\Users\Shehr\work\MedScale-074\target\debug\deps\ossl_static.pdb'; linking object as if no debug infoΓÉì
         libopenssl_sys-26e3a0c30580cfb6.rlib(libcrypto-lib-ec_support.obj) : warning LNK4099: PDB 'ossl_static.pdb' was not found with 'libopenssl_sys-26e3a0c30580cfb6.rlib(libcrypto-lib-ec_support.obj)' or at 'C:\Users\Shehr\work\MedScale-074\target\debug\deps\ossl_static.pdb'; linking object as if no debug infoΓÉì
         libopenssl_sys-26e3a0c30580cfb6.rlib(libcrypto-lib-params_from_text.obj) : warning LNK4099: PDB 'ossl_static.pdb' was not found with 'libopenssl_sys-26e3a0c30580cfb6.rlib(libcrypto-lib-params_from_text.obj)' or at 'C:\Users\Shehr\work\MedScale-074\target\debug\deps\ossl_static.pdb'; linking object as if no debug infoΓÉì
         libopenssl_sys-26e3a0c30580cfb6.rlib(libcrypto-lib-ec_oct.obj) : warning LNK4099: PDB 'ossl_static.pdb' was not found with 'libopenssl_sys-26e3a0c30580cfb6.rlib(libcrypto-lib-ec_oct.obj)' or at 'C:\Users\Shehr\work\MedScale-074\target\debug\deps\ossl_static.pdb'; linking object as if no debug infoΓÉì
         libopenssl_sys-26e3a0c30580cfb6.rlib(libcrypto-lib-ffc_dh.obj) : warning LNK4099: PDB 'ossl_static.pdb' was not found with 'libopenssl_sys-26e3a0c30580cfb6.rlib(libcrypto-lib-ffc_dh.obj)' or at 'C:\Users\Shehr\work\MedScale-074\target\debug\deps\ossl_static.pdb'; linking object as if no debug infoΓÉì
         libopenssl_sys-26e3a0c30580cfb6.rlib(libcrypto-lib-dh_support.obj) : warning LNK4099: PDB 'ossl_static.pdb' was not found with 'libopenssl_sys-26e3a0c30580cfb6.rlib(libcrypto-lib-dh_support.obj)' or at 'C:\Users\Shehr\work\MedScale-074\target\debug\deps\ossl_static.pdb'; linking object as if no debug infoΓÉì
         libopenssl_sys-26e3a0c30580cfb6.rlib(libcrypto-lib-bss_mem.obj) : warning LNK4099: PDB 'ossl_static.pdb' was not found with 'libopenssl_sys-26e3a0c30580cfb6.rlib(libcrypto-lib-bss_mem.obj)' or at 'C:\Users\Shehr\work\MedScale-074\target\debug\deps\ossl_static.pdb'; linking object as if no debug infoΓÉì
         libopenssl_sys-26e3a0c30580cfb6.rlib(libcrypto-lib-uid.obj) : warning LNK4099: PDB 'ossl_static.pdb' was not found with 'libopenssl_sys-26e3a0c30580cfb6.rlib(libcrypto-lib-uid.obj)' or at 'C:\Users\Shehr\work\MedScale-074\target\debug\deps\ossl_static.pdb'; linking object as if no debug infoΓÉì
         libopenssl_sys-26e3a0c30580cfb6.rlib(libcrypto-lib-decoder_lib.obj) : warning LNK4099: PDB 'ossl_static.pdb' was not found with 'libopenssl_sys-26e3a0c30580cfb6.rlib(libcrypto-lib-decoder_lib.obj)' or at 'C:\Users\Shehr\work\MedScale-074\target\debug\deps\ossl_static.pdb'; linking object as if no debug infoΓÉì
         libopenssl_sys-26e3a0c30580cfb6.rlib(libcrypto-lib-passphrase.obj) : warning LNK4099: PDB 'ossl_static.pdb' was not found with 'libopenssl_sys-26e3a0c30580cfb6.rlib(libcrypto-lib-passphrase.obj)' or at 'C:\Users\Shehr\work\MedScale-074\target\debug\deps\ossl_static.pdb'; linking object as if no debug infoΓÉì
         libopenssl_sys-26e3a0c30580cfb6.rlib(libcrypto-lib-dso_win32.obj) : warning LNK4099: PDB 'ossl_static.pdb' was not found with 'libopenssl_sys-26e3a0c30580cfb6.rlib(libcrypto-lib-dso_win32.obj)' or at 'C:\Users\Shehr\work\MedScale-074\target\debug\deps\ossl_static.pdb'; linking object as if no debug infoΓÉì
         libopenssl_sys-26e3a0c30580cfb6.rlib(libcrypto-lib-defltprov.obj) : warning LNK4099: PDB 'ossl_static.pdb' was not found with 'libopenssl_sys-26e3a0c30580cfb6.rlib(libcrypto-lib-defltprov.obj)' or at 'C:\Users\Shehr\work\MedScale-074\target\debug\deps\ossl_static.pdb'; linking object as if no debug infoΓÉì
         libopenssl_sys-26e3a0c30580cfb6.rlib(libcrypto-lib-baseprov.obj) : warning LNK4099: PDB 'ossl_static.pdb' was not found with 'libopenssl_sys-26e3a0c30580cfb6.rlib(libcrypto-lib-baseprov.obj)' or at 'C:\Users\Shehr\work\MedScale-074\target\debug\deps\ossl_static.pdb'; linking object as if no debug infoΓÉì
         libopenssl_sys-26e3a0c30580cfb6.rlib(libcrypto-lib-nullprov.obj) : warning LNK4099: PDB 'ossl_static.pdb' was not found with 'libopenssl_sys-26e3a0c30580cfb6.rlib(libcrypto-lib-nullprov.obj)' or at 'C:\Users\Shehr\work\MedScale-074\target\debug\deps\ossl_static.pdb'; linking object as if no debug infoΓÉì
         libopenssl_sys-26e3a0c30580cfb6.rlib(libcrypto-lib-legacyprov.obj) : warning LNK4099: PDB 'ossl_static.pdb' was not found with 'libopenssl_sys-26e3a0c30580cfb6.rlib(libcrypto-lib-legacyprov.obj)' or at 'C:\Users\Shehr\work\MedScale-074\target\debug\deps\ossl_static.pdb'; linking object as if no debug infoΓÉì
         libopenssl_sys-26e3a0c30580cfb6.rlib(libcrypto-lib-hashtable.obj) : warning LNK4099: PDB 'ossl_static.pdb' was not found with 'libopenssl_sys-26e3a0c30580cfb6.rlib(libcrypto-lib-hashtable.obj)' or at 'C:\Users\Shehr\work\MedScale-074\target\debug\deps\ossl_static.pdb'; linking object as if no debug infoΓÉì
         libopenssl_sys-26e3a0c30580cfb6.rlib(libcrypto-lib-eng_ctrl.obj) : warning LNK4099: PDB 'ossl_static.pdb' was not found with 'libopenssl_sys-26e3a0c30580cfb6.rlib(libcrypto-lib-eng_ctrl.obj)' or at 'C:\Users\Shehr\work\MedScale-074\target\debug\deps\ossl_static.pdb'; linking object as if no debug infoΓÉì
         libopenssl_sys-26e3a0c30580cfb6.rlib(libcrypto-lib-p5_pbe.obj) : warning LNK4099: PDB 'ossl_static.pdb' was not found with 'libopenssl_sys-26e3a0c30580cfb6.rlib(libcrypto-lib-p5_pbe.obj)' or at 'C:\Users\Shehr\work\MedScale-074\target\debug\deps\ossl_static.pdb'; linking object as if no debug infoΓÉì
         libopenssl_sys-26e3a0c30580cfb6.rlib(libcrypto-lib-pbe_scrypt.obj) : warning LNK4099: PDB 'ossl_static.pdb' was not found with 'libopenssl_sys-26e3a0c30580cfb6.rlib(libcrypto-lib-pbe_scrypt.obj)' or at 'C:\Users\Shehr\work\MedScale-074\target\debug\deps\ossl_static.pdb'; linking object as if no debug infoΓÉì
         libopenssl_sys-26e3a0c30580cfb6.rlib(libcrypto-lib-p12_key.obj) : warning LNK4099: PDB 'ossl_static.pdb' was not found with 'libopenssl_sys-26e3a0c30580cfb6.rlib(libcrypto-lib-p12_key.obj)' or at 'C:\Users\Shehr\work\MedScale-074\target\debug\deps\ossl_static.pdb'; linking object as if no debug infoΓÉì
         libopenssl_sys-26e3a0c30580cfb6.rlib(libcommon-lib-provider_ctx.obj) : warning LNK4099: PDB 'ossl_static.pdb' was not found with 'libopenssl_sys-26e3a0c30580cfb6.rlib(libcommon-lib-provider_ctx.obj)' or at 'C:\Users\Shehr\work\MedScale-074\target\debug\deps\ossl_static.pdb'; linking object as if no debug infoΓÉì
         libopenssl_sys-26e3a0c30580cfb6.rlib(libdefault-lib-provider_seeding.obj) : warning LNK4099: PDB 'ossl_static.pdb' was not found with 'libopenssl_sys-26e3a0c30580cfb6.rlib(libdefault-lib-provider_seeding.obj)' or at 'C:\Users\Shehr\work\MedScale-074\target\debug\deps\ossl_static.pdb'; linking object as if no debug infoΓÉì
         libopenssl_sys-26e3a0c30580cfb6.rlib(libcrypto-lib-prov_running.obj) : warning LNK4099: PDB 'ossl_static.pdb' was not found with 'libopenssl_sys-26e3a0c30580cfb6.rlib(libcrypto-lib-prov_running.obj)' or at 'C:\Users\Shehr\work\MedScale-074\target\debug\deps\ossl_static.pdb'; linking object as if no debug infoΓÉì
         libopenssl_sys-26e3a0c30580cfb6.rlib(libcrypto-lib-arch.obj) : warning LNK4099: PDB 'ossl_static.pdb' was not found with 'libopenssl_sys-26e3a0c30580cfb6.rlib(libcrypto-lib-arch.obj)' or at 'C:\Users\Shehr\work\MedScale-074\target\debug\deps\ossl_static.pdb'; linking object as if no debug infoΓÉì
         libopenssl_sys-26e3a0c30580cfb6.rlib(libcrypto-lib-o_fopen.obj) : warning LNK4099: PDB 'ossl_static.pdb' was not found with 'libopenssl_sys-26e3a0c30580cfb6.rlib(libcrypto-lib-o_fopen.obj)' or at 'C:\Users\Shehr\work\MedScale-074\target\debug\deps\ossl_static.pdb'; linking object as if no debug infoΓÉì
         libopenssl_sys-26e3a0c30580cfb6.rlib(libcrypto-lib-o_dir.obj) : warning LNK4099: PDB 'ossl_static.pdb' was not found with 'libopenssl_sys-26e3a0c30580cfb6.rlib(libcrypto-lib-o_dir.obj)' or at 'C:\Users\Shehr\work\MedScale-074\target\debug\deps\ossl_static.pdb'; linking object as if no debug infoΓÉì
         libopenssl_sys-26e3a0c30580cfb6.rlib(libcrypto-lib-asn_moid.obj) : warning LNK4099: PDB 'ossl_static.pdb' was not found with 'libopenssl_sys-26e3a0c30580cfb6.rlib(libcrypto-lib-asn_moid.obj)' or at 'C:\Users\Shehr\work\MedScale-074\target\debug\deps\ossl_static.pdb'; linking object as if no debug infoΓÉì
         libopenssl_sys-26e3a0c30580cfb6.rlib(libcrypto-lib-asn_mstbl.obj) : warning LNK4099: PDB 'ossl_static.pdb' was not found with 'libopenssl_sys-26e3a0c30580cfb6.rlib(libcrypto-lib-asn_mstbl.obj)' or at 'C:\Users\Shehr\work\MedScale-074\target\debug\deps\ossl_static.pdb'; linking object as if no debug infoΓÉì
         libopenssl_sys-26e3a0c30580cfb6.rlib(libcrypto-lib-evp_cnf.obj) : warning LNK4099: PDB 'ossl_static.pdb' was not found with 'libopenssl_sys-26e3a0c30580cfb6.rlib(libcrypto-lib-evp_cnf.obj)' or at 'C:\Users\Shehr\work\MedScale-074\target\debug\deps\ossl_static.pdb'; linking object as if no debug infoΓÉì
         libopenssl_sys-26e3a0c30580cfb6.rlib(libcrypto-lib-eng_cnf.obj) : warning LNK4099: PDB 'ossl_static.pdb' was not found with 'libopenssl_sys-26e3a0c30580cfb6.rlib(libcrypto-lib-eng_cnf.obj)' or at 'C:\Users\Shehr\work\MedScale-074\target\debug\deps\ossl_static.pdb'; linking object as if no debug infoΓÉì
         libopenssl_sys-26e3a0c30580cfb6.rlib(libcrypto-lib-conf_ssl.obj) : warning LNK4099: PDB 'ossl_static.pdb' was not found with 'libopenssl_sys-26e3a0c30580cfb6.rlib(libcrypto-lib-conf_ssl.obj)' or at 'C:\Users\Shehr\work\MedScale-074\target\debug\deps\ossl_static.pdb'; linking object as if no debug infoΓÉì
         libopenssl_sys-26e3a0c30580cfb6.rlib(libcrypto-lib-des_enc.obj) : warning LNK4099: PDB 'ossl_static.pdb' was not found with 'libopenssl_sys-26e3a0c30580cfb6.rlib(libcrypto-lib-des_enc.obj)' or at 'C:\Users\Shehr\work\MedScale-074\target\debug\deps\ossl_static.pdb'; linking object as if no debug infoΓÉì
         libopenssl_sys-26e3a0c30580cfb6.rlib(libcrypto-lib-cfb_enc.obj) : warning LNK4099: PDB 'ossl_static.pdb' was not found with 'libopenssl_sys-26e3a0c30580cfb6.rlib(libcrypto-lib-cfb_enc.obj)' or at 'C:\Users\Shehr\work\MedScale-074\target\debug\deps\ossl_static.pdb'; linking object as if no debug infoΓÉì
         libopenssl_sys-26e3a0c30580cfb6.rlib(libcrypto-lib-ecb_enc.obj) : warning LNK4099: PDB 'ossl_static.pdb' was not found with 'libopenssl_sys-26e3a0c30580cfb6.rlib(libcrypto-lib-ecb_enc.obj)' or at 'C:\Users\Shehr\work\MedScale-074\target\debug\deps\ossl_static.pdb'; linking object as if no debug infoΓÉì
         libopenssl_sys-26e3a0c30580cfb6.rlib(libcrypto-lib-set_key.obj) : warning LNK4099: PDB 'ossl_static.pdb' was not found with 'libopenssl_sys-26e3a0c30580cfb6.rlib(libcrypto-lib-set_key.obj)' or at 'C:\Users\Shehr\work\MedScale-074\target\debug\deps\ossl_static.pdb'; linking object as if no debug infoΓÉì
         libopenssl_sys-26e3a0c30580cfb6.rlib(libcrypto-lib-cfb64enc.obj) : warning LNK4099: PDB 'ossl_static.pdb' was not found with 'libopenssl_sys-26e3a0c30580cfb6.rlib(libcrypto-lib-cfb64enc.obj)' or at 'C:\Users\Shehr\work\MedScale-074\target\debug\deps\ossl_static.pdb'; linking object as if no debug infoΓÉì
         libopenssl_sys-26e3a0c30580cfb6.rlib(libcrypto-lib-ofb64enc.obj) : warning LNK4099: PDB 'ossl_static.pdb' was not found with 'libopenssl_sys-26e3a0c30580cfb6.rlib(libcrypto-lib-ofb64enc.obj)' or at 'C:\Users\Shehr\work\MedScale-074\target\debug\deps\ossl_static.pdb'; linking object as if no debug infoΓÉì
         libopenssl_sys-26e3a0c30580cfb6.rlib(libcrypto-lib-sha1_one.obj) : warning LNK4099: PDB 'ossl_static.pdb' was not found with 'libopenssl_sys-26e3a0c30580cfb6.rlib(libcrypto-lib-sha1_one.obj)' or at 'C:\Users\Shehr\work\MedScale-074\target\debug\deps\ossl_static.pdb'; linking object as if no debug infoΓÉì
         libopenssl_sys-26e3a0c30580cfb6.rlib(libcrypto-lib-ecb3_enc.obj) : warning LNK4099: PDB 'ossl_static.pdb' was not found with 'libopenssl_sys-26e3a0c30580cfb6.rlib(libcrypto-lib-ecb3_enc.obj)' or at 'C:\Users\Shehr\work\MedScale-074\target\debug\deps\ossl_static.pdb'; linking object as if no debug infoΓÉì
         libopenssl_sys-26e3a0c30580cfb6.rlib(libcrypto-lib-cfb64ede.obj) : warning LNK4099: PDB 'ossl_static.pdb' was not found with 'libopenssl_sys-26e3a0c30580cfb6.rlib(libcrypto-lib-cfb64ede.obj)' or at 'C:\Users\Shehr\work\MedScale-074\target\debug\deps\ossl_static.pdb'; linking object as if no debug infoΓÉì
         libopenssl_sys-26e3a0c30580cfb6.rlib(libcrypto-lib-ofb64ede.obj) : warning LNK4099: PDB 'ossl_static.pdb' was not found with 'libopenssl_sys-26e3a0c30580cfb6.rlib(libcrypto-lib-ofb64ede.obj)' or at 'C:\Users\Shehr\work\MedScale-074\target\debug\deps\ossl_static.pdb'; linking object as if no debug infoΓÉì
         libopenssl_sys-26e3a0c30580cfb6.rlib(libcrypto-lib-xcbc_enc.obj) : warning LNK4099: PDB 'ossl_static.pdb' was not found with 'libopenssl_sys-26e3a0c30580cfb6.rlib(libcrypto-lib-xcbc_enc.obj)' or at 'C:\Users\Shehr\work\MedScale-074\target\debug\deps\ossl_static.pdb'; linking object as if no debug infoΓÉì
         libopenssl_sys-26e3a0c30580cfb6.rlib(libcrypto-lib-md5_dgst.obj) : warning LNK4099: PDB 'ossl_static.pdb' was not found with 'libopenssl_sys-26e3a0c30580cfb6.rlib(libcrypto-lib-md5_dgst.obj)' or at 'C:\Users\Shehr\work\MedScale-074\target\debug\deps\ossl_static.pdb'; linking object as if no debug infoΓÉì
         libopenssl_sys-26e3a0c30580cfb6.rlib(libcrypto-lib-rc2_skey.obj) : warning LNK4099: PDB 'ossl_static.pdb' was not found with 'libopenssl_sys-26e3a0c30580cfb6.rlib(libcrypto-lib-rc2_skey.obj)' or at 'C:\Users\Shehr\work\MedScale-074\target\debug\deps\ossl_static.pdb'; linking object as if no debug infoΓÉì
         libopenssl_sys-26e3a0c30580cfb6.rlib(libcrypto-lib-rc2_ecb.obj) : warning LNK4099: PDB 'ossl_static.pdb' was not found with 'libopenssl_sys-26e3a0c30580cfb6.rlib(libcrypto-lib-rc2_ecb.obj)' or at 'C:\Users\Shehr\work\MedScale-074\target\debug\deps\ossl_static.pdb'; linking object as if no debug infoΓÉì
         libopenssl_sys-26e3a0c30580cfb6.rlib(libcrypto-lib-rc2_cbc.obj) : warning LNK4099: PDB 'ossl_static.pdb' was not found with 'libopenssl_sys-26e3a0c30580cfb6.rlib(libcrypto-lib-rc2_cbc.obj)' or at 'C:\Users\Shehr\work\MedScale-074\target\debug\deps\ossl_static.pdb'; linking object as if no debug infoΓÉì
         libopenssl_sys-26e3a0c30580cfb6.rlib(libcrypto-lib-rc2cfb64.obj) : warning LNK4099: PDB 'ossl_static.pdb' was not found with 'libopenssl_sys-26e3a0c30580cfb6.rlib(libcrypto-lib-rc2cfb64.obj)' or at 'C:\Users\Shehr\work\MedScale-074\target\debug\deps\ossl_static.pdb'; linking object as if no debug infoΓÉì
         libopenssl_sys-26e3a0c30580cfb6.rlib(libcrypto-lib-rc2ofb64.obj) : warning LNK4099: PDB 'ossl_static.pdb' was not found with 'libopenssl_sys-26e3a0c30580cfb6.rlib(libcrypto-lib-rc2ofb64.obj)' or at 'C:\Users\Shehr\work\MedScale-074\target\debug\deps\ossl_static.pdb'; linking object as if no debug infoΓÉì
         libopenssl_sys-26e3a0c30580cfb6.rlib(libcrypto-lib-bf_skey.obj) : warning LNK4099: PDB 'ossl_static.pdb' was not found with 'libopenssl_sys-26e3a0c30580cfb6.rlib(libcrypto-lib-bf_skey.obj)' or at 'C:\Users\Shehr\work\MedScale-074\target\debug\deps\ossl_static.pdb'; linking object as if no debug infoΓÉì
         libopenssl_sys-26e3a0c30580cfb6.rlib(libcrypto-lib-bf_ecb.obj) : warning LNK4099: PDB 'ossl_static.pdb' was not found with 'libopenssl_sys-26e3a0c30580cfb6.rlib(libcrypto-lib-bf_ecb.obj)' or at 'C:\Users\Shehr\work\MedScale-074\target\debug\deps\ossl_static.pdb'; linking object as if no debug infoΓÉì
         libopenssl_sys-26e3a0c30580cfb6.rlib(libcrypto-lib-bf_enc.obj) : warning LNK4099: PDB 'ossl_static.pdb' was not found with 'libopenssl_sys-26e3a0c30580cfb6.rlib(libcrypto-lib-bf_enc.obj)' or at 'C:\Users\Shehr\work\MedScale-074\target\debug\deps\ossl_static.pdb'; linking object as if no debug infoΓÉì
         libopenssl_sys-26e3a0c30580cfb6.rlib(libcrypto-lib-bf_cfb64.obj) : warning LNK4099: PDB 'ossl_static.pdb' was not found with 'libopenssl_sys-26e3a0c30580cfb6.rlib(libcrypto-lib-bf_cfb64.obj)' or at 'C:\Users\Shehr\work\MedScale-074\target\debug\deps\ossl_static.pdb'; linking object as if no debug infoΓÉì
         libopenssl_sys-26e3a0c30580cfb6.rlib(libcrypto-lib-bf_ofb64.obj) : warning LNK4099: PDB 'ossl_static.pdb' was not found with 'libopenssl_sys-26e3a0c30580cfb6.rlib(libcrypto-lib-bf_ofb64.obj)' or at 'C:\Users\Shehr\work\MedScale-074\target\debug\deps\ossl_static.pdb'; linking object as if no debug infoΓÉì
         libopenssl_sys-26e3a0c30580cfb6.rlib(libcrypto-lib-c_skey.obj) : warning LNK4099: PDB 'ossl_static.pdb' was not found with 'libopenssl_sys-26e3a0c30580cfb6.rlib(libcrypto-lib-c_skey.obj)' or at 'C:\Users\Shehr\work\MedScale-074\target\debug\deps\ossl_static.pdb'; linking object as if no debug infoΓÉì
         libopenssl_sys-26e3a0c30580cfb6.rlib(libcrypto-lib-c_ecb.obj) : warning LNK4099: PDB 'ossl_static.pdb' was not found with 'libopenssl_sys-26e3a0c30580cfb6.rlib(libcrypto-lib-c_ecb.obj)' or at 'C:\Users\Shehr\work\MedScale-074\target\debug\deps\ossl_static.pdb'; linking object as if no debug infoΓÉì
         libopenssl_sys-26e3a0c30580cfb6.rlib(libcrypto-lib-c_enc.obj) : warning LNK4099: PDB 'ossl_static.pdb' was not found with 'libopenssl_sys-26e3a0c30580cfb6.rlib(libcrypto-lib-c_enc.obj)' or at 'C:\Users\Shehr\work\MedScale-074\target\debug\deps\ossl_static.pdb'; linking object as if no debug infoΓÉì
         libopenssl_sys-26e3a0c30580cfb6.rlib(libcrypto-lib-c_cfb64.obj) : warning LNK4099: PDB 'ossl_static.pdb' was not found with 'libopenssl_sys-26e3a0c30580cfb6.rlib(libcrypto-lib-c_cfb64.obj)' or at 'C:\Users\Shehr\work\MedScale-074\target\debug\deps\ossl_static.pdb'; linking object as if no debug infoΓÉì
         libopenssl_sys-26e3a0c30580cfb6.rlib(libcrypto-lib-c_ofb64.obj) : warning LNK4099: PDB 'ossl_static.pdb' was not found with 'libopenssl_sys-26e3a0c30580cfb6.rlib(libcrypto-lib-c_ofb64.obj)' or at 'C:\Users\Shehr\work\MedScale-074\target\debug\deps\ossl_static.pdb'; linking object as if no debug infoΓÉì
         libopenssl_sys-26e3a0c30580cfb6.rlib(libcrypto-lib-aria.obj) : warning LNK4099: PDB 'ossl_static.pdb' was not found with 'libopenssl_sys-26e3a0c30580cfb6.rlib(libcrypto-lib-aria.obj)' or at 'C:\Users\Shehr\work\MedScale-074\target\debug\deps\ossl_static.pdb'; linking object as if no debug infoΓÉì
         libopenssl_sys-26e3a0c30580cfb6.rlib(libcrypto-lib-poly1305.obj) : warning LNK4099: PDB 'ossl_static.pdb' was not found with 'libopenssl_sys-26e3a0c30580cfb6.rlib(libcrypto-lib-poly1305.obj)' or at 'C:\Users\Shehr\work\MedScale-074\target\debug\deps\ossl_static.pdb'; linking object as if no debug infoΓÉì
         libopenssl_sys-26e3a0c30580cfb6.rlib(libcrypto-lib-sm4.obj) : warning LNK4099: PDB 'ossl_static.pdb' was not found with 'libopenssl_sys-26e3a0c30580cfb6.rlib(libcrypto-lib-sm4.obj)' or at 'C:\Users\Shehr\work\MedScale-074\target\debug\deps\ossl_static.pdb'; linking object as if no debug infoΓÉì
         libopenssl_sys-26e3a0c30580cfb6.rlib(libcrypto-lib-md4_dgst.obj) : warning LNK4099: PDB 'ossl_static.pdb' was not found with 'libopenssl_sys-26e3a0c30580cfb6.rlib(libcrypto-lib-md4_dgst.obj)' or at 'C:\Users\Shehr\work\MedScale-074\target\debug\deps\ossl_static.pdb'; linking object as if no debug infoΓÉì
         libopenssl_sys-26e3a0c30580cfb6.rlib(libcrypto-lib-md5_sha1.obj) : warning LNK4099: PDB 'ossl_static.pdb' was not found with 'libopenssl_sys-26e3a0c30580cfb6.rlib(libcrypto-lib-md5_sha1.obj)' or at 'C:\Users\Shehr\work\MedScale-074\target\debug\deps\ossl_static.pdb'; linking object as if no debug infoΓÉì
         libopenssl_sys-26e3a0c30580cfb6.rlib(libdefault-lib-blake2b_prov.obj) : warning LNK4099: PDB 'ossl_static.pdb' was not found with 'libopenssl_sys-26e3a0c30580cfb6.rlib(libdefault-lib-blake2b_prov.obj)' or at 'C:\Users\Shehr\work\MedScale-074\target\debug\deps\ossl_static.pdb'; linking object as if no debug infoΓÉì
         libopenssl_sys-26e3a0c30580cfb6.rlib(libdefault-lib-blake2s_prov.obj) : warning LNK4099: PDB 'ossl_static.pdb' was not found with 'libopenssl_sys-26e3a0c30580cfb6.rlib(libdefault-lib-blake2s_prov.obj)' or at 'C:\Users\Shehr\work\MedScale-074\target\debug\deps\ossl_static.pdb'; linking object as if no debug infoΓÉì
         libopenssl_sys-26e3a0c30580cfb6.rlib(libcrypto-lib-mdc2dgst.obj) : warning LNK4099: PDB 'ossl_static.pdb' was not found with 'libopenssl_sys-26e3a0c30580cfb6.rlib(libcrypto-lib-mdc2dgst.obj)' or at 'C:\Users\Shehr\work\MedScale-074\target\debug\deps\ossl_static.pdb'; linking object as if no debug infoΓÉì
         libopenssl_sys-26e3a0c30580cfb6.rlib(libcrypto-lib-rmd_dgst.obj) : warning LNK4099: PDB 'ossl_static.pdb' was not found with 'libopenssl_sys-26e3a0c30580cfb6.rlib(libcrypto-lib-rmd_dgst.obj)' or at 'C:\Users\Shehr\work\MedScale-074\target\debug\deps\ossl_static.pdb'; linking object as if no debug infoΓÉì
         libopenssl_sys-26e3a0c30580cfb6.rlib(libcrypto-lib-wp_dgst.obj) : warning LNK4099: PDB 'ossl_static.pdb' was not found with 'libopenssl_sys-26e3a0c30580cfb6.rlib(libcrypto-lib-wp_dgst.obj)' or at 'C:\Users\Shehr\work\MedScale-074\target\debug\deps\ossl_static.pdb'; linking object as if no debug infoΓÉì
         libopenssl_sys-26e3a0c30580cfb6.rlib(libcrypto-lib-sm3.obj) : warning LNK4099: PDB 'ossl_static.pdb' was not found with 'libopenssl_sys-26e3a0c30580cfb6.rlib(libcrypto-lib-sm3.obj)' or at 'C:\Users\Shehr\work\MedScale-074\target\debug\deps\ossl_static.pdb'; linking object as if no debug infoΓÉì
         libopenssl_sys-26e3a0c30580cfb6.rlib(libcrypto-lib-bn_exp.obj) : warning LNK4099: PDB 'ossl_static.pdb' was not found with 'libopenssl_sys-26e3a0c30580cfb6.rlib(libcrypto-lib-bn_exp.obj)' or at 'C:\Users\Shehr\work\MedScale-074\target\debug\deps\ossl_static.pdb'; linking object as if no debug infoΓÉì
         libopenssl_sys-26e3a0c30580cfb6.rlib(libcrypto-lib-bn_add.obj) : warning LNK4099: PDB 'ossl_static.pdb' was not found with 'libopenssl_sys-26e3a0c30580cfb6.rlib(libcrypto-lib-bn_add.obj)' or at 'C:\Users\Shehr\work\MedScale-074\target\debug\deps\ossl_static.pdb'; linking object as if no debug infoΓÉì
         libopenssl_sys-26e3a0c30580cfb6.rlib(libcrypto-lib-bn_blind.obj) : warning LNK4099: PDB 'ossl_static.pdb' was not found with 'libopenssl_sys-26e3a0c30580cfb6.rlib(libcrypto-lib-bn_blind.obj)' or at 'C:\Users\Shehr\work\MedScale-074\target\debug\deps\ossl_static.pdb'; linking object as if no debug infoΓÉì
         libopenssl_sys-26e3a0c30580cfb6.rlib(libcrypto-lib-bn_intern.obj) : warning LNK4099: PDB 'ossl_static.pdb' was not found with 'libopenssl_sys-26e3a0c30580cfb6.rlib(libcrypto-lib-bn_intern.obj)' or at 'C:\Users\Shehr\work\MedScale-074\target\debug\deps\ossl_static.pdb'; linking object as if no debug infoΓÉì
         libopenssl_sys-26e3a0c30580cfb6.rlib(libcrypto-lib-bn_mod.obj) : warning LNK4099: PDB 'ossl_static.pdb' was not found with 'libopenssl_sys-26e3a0c30580cfb6.rlib(libcrypto-lib-bn_mod.obj)' or at 'C:\Users\Shehr\work\MedScale-074\target\debug\deps\ossl_static.pdb'; linking object as if no debug infoΓÉì
         libopenssl_sys-26e3a0c30580cfb6.rlib(libcrypto-lib-rsa_pk1.obj) : warning LNK4099: PDB 'ossl_static.pdb' was not found with 'libopenssl_sys-26e3a0c30580cfb6.rlib(libcrypto-lib-rsa_pk1.obj)' or at 'C:\Users\Shehr\work\MedScale-074\target\debug\deps\ossl_static.pdb'; linking object as if no debug infoΓÉì
         libopenssl_sys-26e3a0c30580cfb6.rlib(libcrypto-lib-rsa_none.obj) : warning LNK4099: PDB 'ossl_static.pdb' was not found with 'libopenssl_sys-26e3a0c30580cfb6.rlib(libcrypto-lib-rsa_none.obj)' or at 'C:\Users\Shehr\work\MedScale-074\target\debug\deps\ossl_static.pdb'; linking object as if no debug infoΓÉì
         libopenssl_sys-26e3a0c30580cfb6.rlib(libcrypto-lib-hmac.obj) : warning LNK4099: PDB 'ossl_static.pdb' was not found with 'libopenssl_sys-26e3a0c30580cfb6.rlib(libcrypto-lib-hmac.obj)' or at 'C:\Users\Shehr\work\MedScale-074\target\debug\deps\ossl_static.pdb'; linking object as if no debug infoΓÉì
         libopenssl_sys-26e3a0c30580cfb6.rlib(libcrypto-lib-bn_rand.obj) : warning LNK4099: PDB 'ossl_static.pdb' was not found with 'libopenssl_sys-26e3a0c30580cfb6.rlib(libcrypto-lib-bn_rand.obj)' or at 'C:\Users\Shehr\work\MedScale-074\target\debug\deps\ossl_static.pdb'; linking object as if no debug infoΓÉì
         libopenssl_sys-26e3a0c30580cfb6.rlib(libcrypto-lib-ffc_params_validate.obj) : warning LNK4099: PDB 'ossl_static.pdb' was not found with 'libopenssl_sys-26e3a0c30580cfb6.rlib(libcrypto-lib-ffc_params_validate.obj)' or at 'C:\Users\Shehr\work\MedScale-074\target\debug\deps\ossl_static.pdb'; linking object as if no debug infoΓÉì
         libopenssl_sys-26e3a0c30580cfb6.rlib(libcrypto-lib-ffc_key_generate.obj) : warning LNK4099: PDB 'ossl_static.pdb' was not found with 'libopenssl_sys-26e3a0c30580cfb6.rlib(libcrypto-lib-ffc_key_generate.obj)' or at 'C:\Users\Shehr\work\MedScale-074\target\debug\deps\ossl_static.pdb'; linking object as if no debug infoΓÉì
         libopenssl_sys-26e3a0c30580cfb6.rlib(libcrypto-lib-dh_check.obj) : warning LNK4099: PDB 'ossl_static.pdb' was not found with 'libopenssl_sys-26e3a0c30580cfb6.rlib(libcrypto-lib-dh_check.obj)' or at 'C:\Users\Shehr\work\MedScale-074\target\debug\deps\ossl_static.pdb'; linking object as if no debug infoΓÉì
         libopenssl_sys-26e3a0c30580cfb6.rlib(libcrypto-lib-bn_exp2.obj) : warning LNK4099: PDB 'ossl_static.pdb' was not found with 'libopenssl_sys-26e3a0c30580cfb6.rlib(libcrypto-lib-bn_exp2.obj)' or at 'C:\Users\Shehr\work\MedScale-074\target\debug\deps\ossl_static.pdb'; linking object as if no debug infoΓÉì
         libopenssl_sys-26e3a0c30580cfb6.rlib(libcrypto-lib-deterministic_nonce.obj) : warning LNK4099: PDB 'ossl_static.pdb' was not found with 'libopenssl_sys-26e3a0c30580cfb6.rlib(libcrypto-lib-deterministic_nonce.obj)' or at 'C:\Users\Shehr\work\MedScale-074\target\debug\deps\ossl_static.pdb'; linking object as if no debug infoΓÉì
         libopenssl_sys-26e3a0c30580cfb6.rlib(libcrypto-lib-ecdh_ossl.obj) : warning LNK4099: PDB 'ossl_static.pdb' was not found with 'libopenssl_sys-26e3a0c30580cfb6.rlib(libcrypto-lib-ecdh_ossl.obj)' or at 'C:\Users\Shehr\work\MedScale-074\target\debug\deps\ossl_static.pdb'; linking object as if no debug infoΓÉì
         libopenssl_sys-26e3a0c30580cfb6.rlib(libcrypto-lib-ecdsa_ossl.obj) : warning LNK4099: PDB 'ossl_static.pdb' was not found with 'libopenssl_sys-26e3a0c30580cfb6.rlib(libcrypto-lib-ecdsa_ossl.obj)' or at 'C:\Users\Shehr\work\MedScale-074\target\debug\deps\ossl_static.pdb'; linking object as if no debug infoΓÉì
         libopenssl_sys-26e3a0c30580cfb6.rlib(libcrypto-lib-bf_readbuff.obj) : warning LNK4099: PDB 'ossl_static.pdb' was not found with 'libopenssl_sys-26e3a0c30580cfb6.rlib(libcrypto-lib-bf_readbuff.obj)' or at 'C:\Users\Shehr\work\MedScale-074\target\debug\deps\ossl_static.pdb'; linking object as if no debug infoΓÉì
         libopenssl_sys-26e3a0c30580cfb6.rlib(libcrypto-lib-i2d_evp.obj) : warning LNK4099: PDB 'ossl_static.pdb' was not found with 'libopenssl_sys-26e3a0c30580cfb6.rlib(libcrypto-lib-i2d_evp.obj)' or at 'C:\Users\Shehr\work\MedScale-074\target\debug\deps\ossl_static.pdb'; linking object as if no debug infoΓÉì
         libopenssl_sys-26e3a0c30580cfb6.rlib(libcrypto-lib-x_sig.obj) : warning LNK4099: PDB 'ossl_static.pdb' was not found with 'libopenssl_sys-26e3a0c30580cfb6.rlib(libcrypto-lib-x_sig.obj)' or at 'C:\Users\Shehr\work\MedScale-074\target\debug\deps\ossl_static.pdb'; linking object as if no debug infoΓÉì
         libopenssl_sys-26e3a0c30580cfb6.rlib(libcrypto-lib-p12_p8d.obj) : warning LNK4099: PDB 'ossl_static.pdb' was not found with 'libopenssl_sys-26e3a0c30580cfb6.rlib(libcrypto-lib-p12_p8d.obj)' or at 'C:\Users\Shehr\work\MedScale-074\target\debug\deps\ossl_static.pdb'; linking object as if no debug infoΓÉì
         libopenssl_sys-26e3a0c30580cfb6.rlib(libcrypto-lib-pem_lib.obj) : warning LNK4099: PDB 'ossl_static.pdb' was not found with 'libopenssl_sys-26e3a0c30580cfb6.rlib(libcrypto-lib-pem_lib.obj)' or at 'C:\Users\Shehr\work\MedScale-074\target\debug\deps\ossl_static.pdb'; linking object as if no debug infoΓÉì
         libopenssl_sys-26e3a0c30580cfb6.rlib(libcrypto-lib-pem_pk8.obj) : warning LNK4099: PDB 'ossl_static.pdb' was not found with 'libopenssl_sys-26e3a0c30580cfb6.rlib(libcrypto-lib-pem_pk8.obj)' or at 'C:\Users\Shehr\work\MedScale-074\target\debug\deps\ossl_static.pdb'; linking object as if no debug infoΓÉì
         libopenssl_sys-26e3a0c30580cfb6.rlib(libcrypto-lib-d2i_pr.obj) : warning LNK4099: PDB 'ossl_static.pdb' was not found with 'libopenssl_sys-26e3a0c30580cfb6.rlib(libcrypto-lib-d2i_pr.obj)' or at 'C:\Users\Shehr\work\MedScale-074\target\debug\deps\ossl_static.pdb'; linking object as if no debug infoΓÉì
         libopenssl_sys-26e3a0c30580cfb6.rlib(libcrypto-lib-evp_pkey.obj) : warning LNK4099: PDB 'ossl_static.pdb' was not found with 'libopenssl_sys-26e3a0c30580cfb6.rlib(libcrypto-lib-evp_pkey.obj)' or at 'C:\Users\Shehr\work\MedScale-074\target\debug\deps\ossl_static.pdb'; linking object as if no debug infoΓÉì
         libopenssl_sys-26e3a0c30580cfb6.rlib(libcrypto-lib-x509_vpm.obj) : warning LNK4099: PDB 'ossl_static.pdb' was not found with 'libopenssl_sys-26e3a0c30580cfb6.rlib(libcrypto-lib-x509_vpm.obj)' or at 'C:\Users\Shehr\work\MedScale-074\target\debug\deps\ossl_static.pdb'; linking object as if no debug infoΓÉì
         libopenssl_sys-26e3a0c30580cfb6.rlib(libcrypto-lib-x_x509.obj) : warning LNK4099: PDB 'ossl_static.pdb' was not found with 'libopenssl_sys-26e3a0c30580cfb6.rlib(libcrypto-lib-x_x509.obj)' or at 'C:\Users\Shehr\work\MedScale-074\target\debug\deps\ossl_static.pdb'; linking object as if no debug infoΓÉì
         libopenssl_sys-26e3a0c30580cfb6.rlib(libcrypto-lib-x_crl.obj) : warning LNK4099: PDB 'ossl_static.pdb' was not found with 'libopenssl_sys-26e3a0c30580cfb6.rlib(libcrypto-lib-x_crl.obj)' or at 'C:\Users\Shehr\work\MedScale-074\target\debug\deps\ossl_static.pdb'; linking object as if no debug infoΓÉì
         libopenssl_sys-26e3a0c30580cfb6.rlib(libcrypto-lib-x509cset.obj) : warning LNK4099: PDB 'ossl_static.pdb' was not found with 'libopenssl_sys-26e3a0c30580cfb6.rlib(libcrypto-lib-x509cset.obj)' or at 'C:\Users\Shehr\work\MedScale-074\target\debug\deps\ossl_static.pdb'; linking object as if no debug infoΓÉì
         libopenssl_sys-26e3a0c30580cfb6.rlib(libcrypto-lib-t_x509.obj) : warning LNK4099: PDB 'ossl_static.pdb' was not found with 'libopenssl_sys-26e3a0c30580cfb6.rlib(libcrypto-lib-t_x509.obj)' or at 'C:\Users\Shehr\work\MedScale-074\target\debug\deps\ossl_static.pdb'; linking object as if no debug infoΓÉì
         libopenssl_sys-26e3a0c30580cfb6.rlib(libcrypto-lib-x509_cmp.obj) : warning LNK4099: PDB 'ossl_static.pdb' was not found with 'libopenssl_sys-26e3a0c30580cfb6.rlib(libcrypto-lib-x509_cmp.obj)' or at 'C:\Users\Shehr\work\MedScale-074\target\debug\deps\ossl_static.pdb'; linking object as if no debug infoΓÉì
         libopenssl_sys-26e3a0c30580cfb6.rlib(libcrypto-lib-a_utctm.obj) : warning LNK4099: PDB 'ossl_static.pdb' was not found with 'libopenssl_sys-26e3a0c30580cfb6.rlib(libcrypto-lib-a_utctm.obj)' or at 'C:\Users\Shehr\work\MedScale-074\target\debug\deps\ossl_static.pdb'; linking object as if no debug infoΓÉì
         libopenssl_sys-26e3a0c30580cfb6.rlib(libcrypto-lib-a_gentm.obj) : warning LNK4099: PDB 'ossl_static.pdb' was not found with 'libopenssl_sys-26e3a0c30580cfb6.rlib(libcrypto-lib-a_gentm.obj)' or at 'C:\Users\Shehr\work\MedScale-074\target\debug\deps\ossl_static.pdb'; linking object as if no debug infoΓÉì
         libopenssl_sys-26e3a0c30580cfb6.rlib(libcrypto-lib-a_time.obj) : warning LNK4099: PDB 'ossl_static.pdb' was not found with 'libopenssl_sys-26e3a0c30580cfb6.rlib(libcrypto-lib-a_time.obj)' or at 'C:\Users\Shehr\work\MedScale-074\target\debug\deps\ossl_static.pdb'; linking object as if no debug infoΓÉì
         libopenssl_sys-26e3a0c30580cfb6.rlib(libcrypto-lib-x509_trust.obj) : warning LNK4099: PDB 'ossl_static.pdb' was not found with 'libopenssl_sys-26e3a0c30580cfb6.rlib(libcrypto-lib-x509_trust.obj)' or at 'C:\Users\Shehr\work\MedScale-074\target\debug\deps\ossl_static.pdb'; linking object as if no debug infoΓÉì
         libopenssl_sys-26e3a0c30580cfb6.rlib(libcrypto-lib-pcy_tree.obj) : warning LNK4099: PDB 'ossl_static.pdb' was not found with 'libopenssl_sys-26e3a0c30580cfb6.rlib(libcrypto-lib-pcy_tree.obj)' or at 'C:\Users\Shehr\work\MedScale-074\target\debug\deps\ossl_static.pdb'; linking object as if no debug infoΓÉì
         libopenssl_sys-26e3a0c30580cfb6.rlib(libcrypto-lib-x_all.obj) : warning LNK4099: PDB 'ossl_static.pdb' was not found with 'libopenssl_sys-26e3a0c30580cfb6.rlib(libcrypto-lib-x_all.obj)' or at 'C:\Users\Shehr\work\MedScale-074\target\debug\deps\ossl_static.pdb'; linking object as if no debug infoΓÉì
         libopenssl_sys-26e3a0c30580cfb6.rlib(libcrypto-lib-x_name.obj) : warning LNK4099: PDB 'ossl_static.pdb' was not found with 'libopenssl_sys-26e3a0c30580cfb6.rlib(libcrypto-lib-x_name.obj)' or at 'C:\Users\Shehr\work\MedScale-074\target\debug\deps\ossl_static.pdb'; linking object as if no debug infoΓÉì
         libopenssl_sys-26e3a0c30580cfb6.rlib(libcrypto-lib-x509name.obj) : warning LNK4099: PDB 'ossl_static.pdb' was not found with 'libopenssl_sys-26e3a0c30580cfb6.rlib(libcrypto-lib-x509name.obj)' or at 'C:\Users\Shehr\work\MedScale-074\target\debug\deps\ossl_static.pdb'; linking object as if no debug infoΓÉì
         libopenssl_sys-26e3a0c30580cfb6.rlib(libcrypto-lib-x509_ext.obj) : warning LNK4099: PDB 'ossl_static.pdb' was not found with 'libopenssl_sys-26e3a0c30580cfb6.rlib(libcrypto-lib-x509_ext.obj)' or at 'C:\Users\Shehr\work\MedScale-074\target\debug\deps\ossl_static.pdb'; linking object as if no debug infoΓÉì
         libopenssl_sys-26e3a0c30580cfb6.rlib(libcrypto-lib-x509_v3.obj) : warning LNK4099: PDB 'ossl_static.pdb' was not found with 'libopenssl_sys-26e3a0c30580cfb6.rlib(libcrypto-lib-x509_v3.obj)' or at 'C:\Users\Shehr\work\MedScale-074\target\debug\deps\ossl_static.pdb'; linking object as if no debug infoΓÉì
         libopenssl_sys-26e3a0c30580cfb6.rlib(libcrypto-lib-v3_genn.obj) : warning LNK4099: PDB 'ossl_static.pdb' was not found with 'libopenssl_sys-26e3a0c30580cfb6.rlib(libcrypto-lib-v3_genn.obj)' or at 'C:\Users\Shehr\work\MedScale-074\target\debug\deps\ossl_static.pdb'; linking object as if no debug infoΓÉì
         libopenssl_sys-26e3a0c30580cfb6.rlib(libcrypto-lib-v3_ncons.obj) : warning LNK4099: PDB 'ossl_static.pdb' was not found with 'libopenssl_sys-26e3a0c30580cfb6.rlib(libcrypto-lib-v3_ncons.obj)' or at 'C:\Users\Shehr\work\MedScale-074\target\debug\deps\ossl_static.pdb'; linking object as if no debug infoΓÉì
         libopenssl_sys-26e3a0c30580cfb6.rlib(libcrypto-lib-v3_purp.obj) : warning LNK4099: PDB 'ossl_static.pdb' was not found with 'libopenssl_sys-26e3a0c30580cfb6.rlib(libcrypto-lib-v3_purp.obj)' or at 'C:\Users\Shehr\work\MedScale-074\target\debug\deps\ossl_static.pdb'; linking object as if no debug infoΓÉì
         libopenssl_sys-26e3a0c30580cfb6.rlib(libcrypto-lib-v3_utl.obj) : warning LNK4099: PDB 'ossl_static.pdb' was not found with 'libopenssl_sys-26e3a0c30580cfb6.rlib(libcrypto-lib-v3_utl.obj)' or at 'C:\Users\Shehr\work\MedScale-074\target\debug\deps\ossl_static.pdb'; linking object as if no debug infoΓÉì
         libopenssl_sys-26e3a0c30580cfb6.rlib(libcrypto-lib-v3_asid.obj) : warning LNK4099: PDB 'ossl_static.pdb' was not found with 'libopenssl_sys-26e3a0c30580cfb6.rlib(libcrypto-lib-v3_asid.obj)' or at 'C:\Users\Shehr\work\MedScale-074\target\debug\deps\ossl_static.pdb'; linking object as if no debug infoΓÉì
         libopenssl_sys-26e3a0c30580cfb6.rlib(libcrypto-lib-v3_addr.obj) : warning LNK4099: PDB 'ossl_static.pdb' was not found with 'libopenssl_sys-26e3a0c30580cfb6.rlib(libcrypto-lib-v3_addr.obj)' or at 'C:\Users\Shehr\work\MedScale-074\target\debug\deps\ossl_static.pdb'; linking object as if no debug infoΓÉì
         libopenssl_sys-26e3a0c30580cfb6.rlib(libcrypto-lib-ocsp_lib.obj) : warning LNK4099: PDB 'ossl_static.pdb' was not found with 'libopenssl_sys-26e3a0c30580cfb6.rlib(libcrypto-lib-ocsp_lib.obj)' or at 'C:\Users\Shehr\work\MedScale-074\target\debug\deps\ossl_static.pdb'; linking object as if no debug infoΓÉì
         libopenssl_sys-26e3a0c30580cfb6.rlib(libcrypto-lib-ocsp_cl.obj) : warning LNK4099: PDB 'ossl_static.pdb' was not found with 'libopenssl_sys-26e3a0c30580cfb6.rlib(libcrypto-lib-ocsp_cl.obj)' or at 'C:\Users\Shehr\work\MedScale-074\target\debug\deps\ossl_static.pdb'; linking object as if no debug infoΓÉì
         libopenssl_sys-26e3a0c30580cfb6.rlib(libcrypto-lib-ocsp_srv.obj) : warning LNK4099: PDB 'ossl_static.pdb' was not found with 'libopenssl_sys-26e3a0c30580cfb6.rlib(libcrypto-lib-ocsp_srv.obj)' or at 'C:\Users\Shehr\work\MedScale-074\target\debug\deps\ossl_static.pdb'; linking object as if no debug infoΓÉì
         libopenssl_sys-26e3a0c30580cfb6.rlib(libcrypto-lib-ocsp_asn.obj) : warning LNK4099: PDB 'ossl_static.pdb' was not found with 'libopenssl_sys-26e3a0c30580cfb6.rlib(libcrypto-lib-ocsp_asn.obj)' or at 'C:\Users\Shehr\work\MedScale-074\target\debug\deps\ossl_static.pdb'; linking object as if no debug infoΓÉì
         libopenssl_sys-26e3a0c30580cfb6.rlib(libcrypto-lib-ocsp_vfy.obj) : warning LNK4099: PDB 'ossl_static.pdb' was not found with 'libopenssl_sys-26e3a0c30580cfb6.rlib(libcrypto-lib-ocsp_vfy.obj)' or at 'C:\Users\Shehr\work\MedScale-074\target\debug\deps\ossl_static.pdb'; linking object as if no debug infoΓÉì
         libopenssl_sys-26e3a0c30580cfb6.rlib(libcrypto-lib-bn_prime.obj) : warning LNK4099: PDB 'ossl_static.pdb' was not found with 'libopenssl_sys-26e3a0c30580cfb6.rlib(libcrypto-lib-bn_prime.obj)' or at 'C:\Users\Shehr\work\MedScale-074\target\debug\deps\ossl_static.pdb'; linking object as if no debug infoΓÉì
         libopenssl_sys-26e3a0c30580cfb6.rlib(libcrypto-lib-param_build_set.obj) : warning LNK4099: PDB 'ossl_static.pdb' was not found with 'libopenssl_sys-26e3a0c30580cfb6.rlib(libcrypto-lib-param_build_set.obj)' or at 'C:\Users\Shehr\work\MedScale-074\target\debug\deps\ossl_static.pdb'; linking object as if no debug infoΓÉì
         libopenssl_sys-26e3a0c30580cfb6.rlib(libcrypto-lib-ffc_backend.obj) : warning LNK4099: PDB 'ossl_static.pdb' was not found with 'libopenssl_sys-26e3a0c30580cfb6.rlib(libcrypto-lib-ffc_backend.obj)' or at 'C:\Users\Shehr\work\MedScale-074\target\debug\deps\ossl_static.pdb'; linking object as if no debug infoΓÉì
         libopenssl_sys-26e3a0c30580cfb6.rlib(libcrypto-lib-dsa_vrf.obj) : warning LNK4099: PDB 'ossl_static.pdb' was not found with 'libopenssl_sys-26e3a0c30580cfb6.rlib(libcrypto-lib-dsa_vrf.obj)' or at 'C:\Users\Shehr\work\MedScale-074\target\debug\deps\ossl_static.pdb'; linking object as if no debug infoΓÉì
         libopenssl_sys-26e3a0c30580cfb6.rlib(libcrypto-lib-asn1_dsa.obj) : warning LNK4099: PDB 'ossl_static.pdb' was not found with 'libopenssl_sys-26e3a0c30580cfb6.rlib(libcrypto-lib-asn1_dsa.obj)' or at 'C:\Users\Shehr\work\MedScale-074\target\debug\deps\ossl_static.pdb'; linking object as if no debug infoΓÉì
         libopenssl_sys-26e3a0c30580cfb6.rlib(libcrypto-lib-ec_cvt.obj) : warning LNK4099: PDB 'ossl_static.pdb' was not found with 'libopenssl_sys-26e3a0c30580cfb6.rlib(libcrypto-lib-ec_cvt.obj)' or at 'C:\Users\Shehr\work\MedScale-074\target\debug\deps\ossl_static.pdb'; linking object as if no debug infoΓÉì
         libopenssl_sys-26e3a0c30580cfb6.rlib(libcrypto-lib-ecp_nistz256.obj) : warning LNK4099: PDB 'ossl_static.pdb' was not found with 'libopenssl_sys-26e3a0c30580cfb6.rlib(libcrypto-lib-ecp_nistz256.obj)' or at 'C:\Users\Shehr\work\MedScale-074\target\debug\deps\ossl_static.pdb'; linking object as if no debug infoΓÉì
         libopenssl_sys-26e3a0c30580cfb6.rlib(libcrypto-lib-ec_mult.obj) : warning LNK4099: PDB 'ossl_static.pdb' was not found with 'libopenssl_sys-26e3a0c30580cfb6.rlib(libcrypto-lib-ec_mult.obj)' or at 'C:\Users\Shehr\work\MedScale-074\target\debug\deps\ossl_static.pdb'; linking object as if no debug infoΓÉì
         libopenssl_sys-26e3a0c30580cfb6.rlib(libcrypto-lib-ecp_smpl.obj) : warning LNK4099: PDB 'ossl_static.pdb' was not found with 'libopenssl_sys-26e3a0c30580cfb6.rlib(libcrypto-lib-ecp_smpl.obj)' or at 'C:\Users\Shehr\work\MedScale-074\target\debug\deps\ossl_static.pdb'; linking object as if no debug infoΓÉì
         libopenssl_sys-26e3a0c30580cfb6.rlib(libdefault-lib-ec_kem.obj) : warning LNK4099: PDB 'ossl_static.pdb' was not found with 'libopenssl_sys-26e3a0c30580cfb6.rlib(libdefault-lib-ec_kem.obj)' or at 'C:\Users\Shehr\work\MedScale-074\target\debug\deps\ossl_static.pdb'; linking object as if no debug infoΓÉì
         libopenssl_sys-26e3a0c30580cfb6.rlib(libcrypto-lib-tasn_prn.obj) : warning LNK4099: PDB 'ossl_static.pdb' was not found with 'libopenssl_sys-26e3a0c30580cfb6.rlib(libcrypto-lib-tasn_prn.obj)' or at 'C:\Users\Shehr\work\MedScale-074\target\debug\deps\ossl_static.pdb'; linking object as if no debug infoΓÉì
         libopenssl_sys-26e3a0c30580cfb6.rlib(libcrypto-lib-scalar.obj) : warning LNK4099: PDB 'ossl_static.pdb' was not found with 'libopenssl_sys-26e3a0c30580cfb6.rlib(libcrypto-lib-scalar.obj)' or at 'C:\Users\Shehr\work\MedScale-074\target\debug\deps\ossl_static.pdb'; linking object as if no debug infoΓÉì
         libopenssl_sys-26e3a0c30580cfb6.rlib(libcrypto-lib-curve448_tables.obj) : warning LNK4099: PDB 'ossl_static.pdb' was not found with 'libopenssl_sys-26e3a0c30580cfb6.rlib(libcrypto-lib-curve448_tables.obj)' or at 'C:\Users\Shehr\work\MedScale-074\target\debug\deps\ossl_static.pdb'; linking object as if no debug infoΓÉì
         libopenssl_sys-26e3a0c30580cfb6.rlib(libcrypto-lib-f_generic.obj) : warning LNK4099: PDB 'ossl_static.pdb' was not found with 'libopenssl_sys-26e3a0c30580cfb6.rlib(libcrypto-lib-f_generic.obj)' or at 'C:\Users\Shehr\work\MedScale-074\target\debug\deps\ossl_static.pdb'; linking object as if no debug infoΓÉì
         libopenssl_sys-26e3a0c30580cfb6.rlib(libcrypto-lib-f_impl32.obj) : warning LNK4099: PDB 'ossl_static.pdb' was not found with 'libopenssl_sys-26e3a0c30580cfb6.rlib(libcrypto-lib-f_impl32.obj)' or at 'C:\Users\Shehr\work\MedScale-074\target\debug\deps\ossl_static.pdb'; linking object as if no debug infoΓÉì
         libopenssl_sys-26e3a0c30580cfb6.rlib(libcrypto-lib-rsa_asn1.obj) : warning LNK4099: PDB 'ossl_static.pdb' was not found with 'libopenssl_sys-26e3a0c30580cfb6.rlib(libcrypto-lib-rsa_asn1.obj)' or at 'C:\Users\Shehr\work\MedScale-074\target\debug\deps\ossl_static.pdb'; linking object as if no debug infoΓÉì
         libopenssl_sys-26e3a0c30580cfb6.rlib(libcrypto-lib-rsa_mp.obj) : warning LNK4099: PDB 'ossl_static.pdb' was not found with 'libopenssl_sys-26e3a0c30580cfb6.rlib(libcrypto-lib-rsa_mp.obj)' or at 'C:\Users\Shehr\work\MedScale-074\target\debug\deps\ossl_static.pdb'; linking object as if no debug infoΓÉì
         libopenssl_sys-26e3a0c30580cfb6.rlib(libcrypto-lib-rsa_sp800_56b_check.obj) : warning LNK4099: PDB 'ossl_static.pdb' was not found with 'libopenssl_sys-26e3a0c30580cfb6.rlib(libcrypto-lib-rsa_sp800_56b_check.obj)' or at 'C:\Users\Shehr\work\MedScale-074\target\debug\deps\ossl_static.pdb'; linking object as if no debug infoΓÉì
         libopenssl_sys-26e3a0c30580cfb6.rlib(libcrypto-lib-rsa_sp800_56b_gen.obj) : warning LNK4099: PDB 'ossl_static.pdb' was not found with 'libopenssl_sys-26e3a0c30580cfb6.rlib(libcrypto-lib-rsa_sp800_56b_gen.obj)' or at 'C:\Users\Shehr\work\MedScale-074\target\debug\deps\ossl_static.pdb'; linking object as if no debug infoΓÉì
         libopenssl_sys-26e3a0c30580cfb6.rlib(libcrypto-lib-f_int.obj) : warning LNK4099: PDB 'ossl_static.pdb' was not found with 'libopenssl_sys-26e3a0c30580cfb6.rlib(libcrypto-lib-f_int.obj)' or at 'C:\Users\Shehr\work\MedScale-074\target\debug\deps\ossl_static.pdb'; linking object as if no debug infoΓÉì
         libopenssl_sys-26e3a0c30580cfb6.rlib(libcrypto-lib-rsa_chk.obj) : warning LNK4099: PDB 'ossl_static.pdb' was not found with 'libopenssl_sys-26e3a0c30580cfb6.rlib(libcrypto-lib-rsa_chk.obj)' or at 'C:\Users\Shehr\work\MedScale-074\target\debug\deps\ossl_static.pdb'; linking object as if no debug infoΓÉì
         libopenssl_sys-26e3a0c30580cfb6.rlib(libcrypto-lib-dh_ameth.obj) : warning LNK4099: PDB 'ossl_static.pdb' was not found with 'libopenssl_sys-26e3a0c30580cfb6.rlib(libcrypto-lib-dh_ameth.obj)' or at 'C:\Users\Shehr\work\MedScale-074\target\debug\deps\ossl_static.pdb'; linking object as if no debug infoΓÉì
         libopenssl_sys-26e3a0c30580cfb6.rlib(libcrypto-lib-dsa_ameth.obj) : warning LNK4099: PDB 'ossl_static.pdb' was not found with 'libopenssl_sys-26e3a0c30580cfb6.rlib(libcrypto-lib-dsa_ameth.obj)' or at 'C:\Users\Shehr\work\MedScale-074\target\debug\deps\ossl_static.pdb'; linking object as if no debug infoΓÉì
         libopenssl_sys-26e3a0c30580cfb6.rlib(libcrypto-lib-ec_ameth.obj) : warning LNK4099: PDB 'ossl_static.pdb' was not found with 'libopenssl_sys-26e3a0c30580cfb6.rlib(libcrypto-lib-ec_ameth.obj)' or at 'C:\Users\Shehr\work\MedScale-074\target\debug\deps\ossl_static.pdb'; linking object as if no debug infoΓÉì
         libopenssl_sys-26e3a0c30580cfb6.rlib(libcrypto-lib-asn1_parse.obj) : warning LNK4099: PDB 'ossl_static.pdb' was not found with 'libopenssl_sys-26e3a0c30580cfb6.rlib(libcrypto-lib-asn1_parse.obj)' or at 'C:\Users\Shehr\work\MedScale-074\target\debug\deps\ossl_static.pdb'; linking object as if no debug infoΓÉì
         libopenssl_sys-26e3a0c30580cfb6.rlib(libcrypto-lib-a_strex.obj) : warning LNK4099: PDB 'ossl_static.pdb' was not found with 'libopenssl_sys-26e3a0c30580cfb6.rlib(libcrypto-lib-a_strex.obj)' or at 'C:\Users\Shehr\work\MedScale-074\target\debug\deps\ossl_static.pdb'; linking object as if no debug infoΓÉì
         libopenssl_sys-26e3a0c30580cfb6.rlib(libcrypto-lib-dh_asn1.obj) : warning LNK4099: PDB 'ossl_static.pdb' was not found with 'libopenssl_sys-26e3a0c30580cfb6.rlib(libcrypto-lib-dh_asn1.obj)' or at 'C:\Users\Shehr\work\MedScale-074\target\debug\deps\ossl_static.pdb'; linking object as if no debug infoΓÉì
         libopenssl_sys-26e3a0c30580cfb6.rlib(libcrypto-lib-dsa_asn1.obj) : warning LNK4099: PDB 'ossl_static.pdb' was not found with 'libopenssl_sys-26e3a0c30580cfb6.rlib(libcrypto-lib-dsa_asn1.obj)' or at 'C:\Users\Shehr\work\MedScale-074\target\debug\deps\ossl_static.pdb'; linking object as if no debug infoΓÉì
         libopenssl_sys-26e3a0c30580cfb6.rlib(libcrypto-lib-rsa_schemes.obj) : warning LNK4099: PDB 'ossl_static.pdb' was not found with 'libopenssl_sys-26e3a0c30580cfb6.rlib(libcrypto-lib-rsa_schemes.obj)' or at 'C:\Users\Shehr\work\MedScale-074\target\debug\deps\ossl_static.pdb'; linking object as if no debug infoΓÉì
         libopenssl_sys-26e3a0c30580cfb6.rlib(libcrypto-lib-rsa_mp_names.obj) : warning LNK4099: PDB 'ossl_static.pdb' was not found with 'libopenssl_sys-26e3a0c30580cfb6.rlib(libcrypto-lib-rsa_mp_names.obj)' or at 'C:\Users\Shehr\work\MedScale-074\target\debug\deps\ossl_static.pdb'; linking object as if no debug infoΓÉì
         libopenssl_sys-26e3a0c30580cfb6.rlib(libcrypto-lib-a_strnid.obj) : warning LNK4099: PDB 'ossl_static.pdb' was not found with 'libopenssl_sys-26e3a0c30580cfb6.rlib(libcrypto-lib-a_strnid.obj)' or at 'C:\Users\Shehr\work\MedScale-074\target\debug\deps\ossl_static.pdb'; linking object as if no debug infoΓÉì
         libopenssl_sys-26e3a0c30580cfb6.rlib(libcrypto-lib-bn_print.obj) : warning LNK4099: PDB 'ossl_static.pdb' was not found with 'libopenssl_sys-26e3a0c30580cfb6.rlib(libcrypto-lib-bn_print.obj)' or at 'C:\Users\Shehr\work\MedScale-074\target\debug\deps\ossl_static.pdb'; linking object as if no debug infoΓÉì
         libopenssl_sys-26e3a0c30580cfb6.rlib(libcrypto-lib-ecp_oct.obj) : warning LNK4099: PDB 'ossl_static.pdb' was not found with 'libopenssl_sys-26e3a0c30580cfb6.rlib(libcrypto-lib-ecp_oct.obj)' or at 'C:\Users\Shehr\work\MedScale-074\target\debug\deps\ossl_static.pdb'; linking object as if no debug infoΓÉì
         libopenssl_sys-26e3a0c30580cfb6.rlib(libcrypto-lib-ec2_oct.obj) : warning LNK4099: PDB 'ossl_static.pdb' was not found with 'libopenssl_sys-26e3a0c30580cfb6.rlib(libcrypto-lib-ec2_oct.obj)' or at 'C:\Users\Shehr\work\MedScale-074\target\debug\deps\ossl_static.pdb'; linking object as if no debug infoΓÉì
         libopenssl_sys-26e3a0c30580cfb6.rlib(libcrypto-lib-bn_dh.obj) : warning LNK4099: PDB 'ossl_static.pdb' was not found with 'libopenssl_sys-26e3a0c30580cfb6.rlib(libcrypto-lib-bn_dh.obj)' or at 'C:\Users\Shehr\work\MedScale-074\target\debug\deps\ossl_static.pdb'; linking object as if no debug infoΓÉì
         libopenssl_sys-26e3a0c30580cfb6.rlib(libcrypto-lib-ui_lib.obj) : warning LNK4099: PDB 'ossl_static.pdb' was not found with 'libopenssl_sys-26e3a0c30580cfb6.rlib(libcrypto-lib-ui_lib.obj)' or at 'C:\Users\Shehr\work\MedScale-074\target\debug\deps\ossl_static.pdb'; linking object as if no debug infoΓÉì
         libopenssl_sys-26e3a0c30580cfb6.rlib(libcrypto-lib-ui_util.obj) : warning LNK4099: PDB 'ossl_static.pdb' was not found with 'libopenssl_sys-26e3a0c30580cfb6.rlib(libcrypto-lib-ui_util.obj)' or at 'C:\Users\Shehr\work\MedScale-074\target\debug\deps\ossl_static.pdb'; linking object as if no debug infoΓÉì
         libopenssl_sys-26e3a0c30580cfb6.rlib(libdefault-lib-cipher_aes_cbc_hmac_sha1_hw.obj) : warning LNK4099: PDB 'ossl_static.pdb' was not found with 'libopenssl_sys-26e3a0c30580cfb6.rlib(libdefault-lib-cipher_aes_cbc_hmac_sha1_hw.obj)' or at 'C:\Users\Shehr\work\MedScale-074\target\debug\deps\ossl_static.pdb'; linking object as if no debug infoΓÉì
         libopenssl_sys-26e3a0c30580cfb6.rlib(libdefault-lib-cipher_aes_cbc_hmac_sha256_hw.obj) : warning LNK4099: PDB 'ossl_static.pdb' was not found with 'libopenssl_sys-26e3a0c30580cfb6.rlib(libdefault-lib-cipher_aes_cbc_hmac_sha256_hw.obj)' or at 'C:\Users\Shehr\work\MedScale-074\target\debug\deps\ossl_static.pdb'; linking object as if no debug infoΓÉì
         libopenssl_sys-26e3a0c30580cfb6.rlib(libdefault-lib-cipher_aes_cbc_hmac_sha1_etm_hw.obj) : warning LNK4099: PDB 'ossl_static.pdb' was not found with 'libopenssl_sys-26e3a0c30580cfb6.rlib(libdefault-lib-cipher_aes_cbc_hmac_sha1_etm_hw.obj)' or at 'C:\Users\Shehr\work\MedScale-074\target\debug\deps\ossl_static.pdb'; linking object as if no debug infoΓÉì
         libopenssl_sys-26e3a0c30580cfb6.rlib(libdefault-lib-cipher_aes_cbc_hmac_sha256_etm_hw.obj) : warning LNK4099: PDB 'ossl_static.pdb' was not found with 'libopenssl_sys-26e3a0c30580cfb6.rlib(libdefault-lib-cipher_aes_cbc_hmac_sha256_etm_hw.obj)' or at 'C:\Users\Shehr\work\MedScale-074\target\debug\deps\ossl_static.pdb'; linking object as if no debug infoΓÉì
         libopenssl_sys-26e3a0c30580cfb6.rlib(libdefault-lib-cipher_aes_cbc_hmac_sha512_etm_hw.obj) : warning LNK4099: PDB 'ossl_static.pdb' was not found with 'libopenssl_sys-26e3a0c30580cfb6.rlib(libdefault-lib-cipher_aes_cbc_hmac_sha512_etm_hw.obj)' or at 'C:\Users\Shehr\work\MedScale-074\target\debug\deps\ossl_static.pdb'; linking object as if no debug infoΓÉì
         libopenssl_sys-26e3a0c30580cfb6.rlib(libdefault-lib-capabilities.obj) : warning LNK4099: PDB 'ossl_static.pdb' was not found with 'libopenssl_sys-26e3a0c30580cfb6.rlib(libdefault-lib-capabilities.obj)' or at 'C:\Users\Shehr\work\MedScale-074\target\debug\deps\ossl_static.pdb'; linking object as if no debug infoΓÉì
         libopenssl_sys-26e3a0c30580cfb6.rlib(libdefault-lib-sha2_prov.obj) : warning LNK4099: PDB 'ossl_static.pdb' was not found with 'libopenssl_sys-26e3a0c30580cfb6.rlib(libdefault-lib-sha2_prov.obj)' or at 'C:\Users\Shehr\work\MedScale-074\target\debug\deps\ossl_static.pdb'; linking object as if no debug infoΓÉì
         libopenssl_sys-26e3a0c30580cfb6.rlib(libdefault-lib-sha3_prov.obj) : warning LNK4099: PDB 'ossl_static.pdb' was not found with 'libopenssl_sys-26e3a0c30580cfb6.rlib(libdefault-lib-sha3_prov.obj)' or at 'C:\Users\Shehr\work\MedScale-074\target\debug\deps\ossl_static.pdb'; linking object as if no debug infoΓÉì
         libopenssl_sys-26e3a0c30580cfb6.rlib(libdefault-lib-blake2_prov.obj) : warning LNK4099: PDB 'ossl_static.pdb' was not found with 'libopenssl_sys-26e3a0c30580cfb6.rlib(libdefault-lib-blake2_prov.obj)' or at 'C:\Users\Shehr\work\MedScale-074\target\debug\deps\ossl_static.pdb'; linking object as if no debug infoΓÉì
         libopenssl_sys-26e3a0c30580cfb6.rlib(libdefault-lib-md5_prov.obj) : warning LNK4099: PDB 'ossl_static.pdb' was not found with 'libopenssl_sys-26e3a0c30580cfb6.rlib(libdefault-lib-md5_prov.obj)' or at 'C:\Users\Shehr\work\MedScale-074\target\debug\deps\ossl_static.pdb'; linking object as if no debug infoΓÉì
         libopenssl_sys-26e3a0c30580cfb6.rlib(libdefault-lib-md5_sha1_prov.obj) : warning LNK4099: PDB 'ossl_static.pdb' was not found with 'libopenssl_sys-26e3a0c30580cfb6.rlib(libdefault-lib-md5_sha1_prov.obj)' or at 'C:\Users\Shehr\work\MedScale-074\target\debug\deps\ossl_static.pdb'; linking object as if no debug infoΓÉì
         libopenssl_sys-26e3a0c30580cfb6.rlib(libdefault-lib-sm3_prov.obj) : warning LNK4099: PDB 'ossl_static.pdb' was not found with 'libopenssl_sys-26e3a0c30580cfb6.rlib(libdefault-lib-sm3_prov.obj)' or at 'C:\Users\Shehr\work\MedScale-074\target\debug\deps\ossl_static.pdb'; linking object as if no debug infoΓÉì
         libopenssl_sys-26e3a0c30580cfb6.rlib(libdefault-lib-ripemd_prov.obj) : warning LNK4099: PDB 'ossl_static.pdb' was not found with 'libopenssl_sys-26e3a0c30580cfb6.rlib(libdefault-lib-ripemd_prov.obj)' or at 'C:\Users\Shehr\work\MedScale-074\target\debug\deps\ossl_static.pdb'; linking object as if no debug infoΓÉì
         libopenssl_sys-26e3a0c30580cfb6.rlib(libdefault-lib-null_prov.obj) : warning LNK4099: PDB 'ossl_static.pdb' was not found with 'libopenssl_sys-26e3a0c30580cfb6.rlib(libdefault-lib-null_prov.obj)' or at 'C:\Users\Shehr\work\MedScale-074\target\debug\deps\ossl_static.pdb'; linking object as if no debug infoΓÉì
         libopenssl_sys-26e3a0c30580cfb6.rlib(libdefault-lib-cipher_null.obj) : warning LNK4099: PDB 'ossl_static.pdb' was not found with 'libopenssl_sys-26e3a0c30580cfb6.rlib(libdefault-lib-cipher_null.obj)' or at 'C:\Users\Shehr\work\MedScale-074\target\debug\deps\ossl_static.pdb'; linking object as if no debug infoΓÉì
         libopenssl_sys-26e3a0c30580cfb6.rlib(libdefault-lib-cipher_aes.obj) : warning LNK4099: PDB 'ossl_static.pdb' was not found with 'libopenssl_sys-26e3a0c30580cfb6.rlib(libdefault-lib-cipher_aes.obj)' or at 'C:\Users\Shehr\work\MedScale-074\target\debug\deps\ossl_static.pdb'; linking object as if no debug infoΓÉì
         libopenssl_sys-26e3a0c30580cfb6.rlib(libdefault-lib-cipher_aes_xts.obj) : warning LNK4099: PDB 'ossl_static.pdb' was not found with 'libopenssl_sys-26e3a0c30580cfb6.rlib(libdefault-lib-cipher_aes_xts.obj)' or at 'C:\Users\Shehr\work\MedScale-074\target\debug\deps\ossl_static.pdb'; linking object as if no debug infoΓÉì
         libopenssl_sys-26e3a0c30580cfb6.rlib(libdefault-lib-cipher_aes_ocb.obj) : warning LNK4099: PDB 'ossl_static.pdb' was not found with 'libopenssl_sys-26e3a0c30580cfb6.rlib(libdefault-lib-cipher_aes_ocb.obj)' or at 'C:\Users\Shehr\work\MedScale-074\target\debug\deps\ossl_static.pdb'; linking object as if no debug infoΓÉì
         libopenssl_sys-26e3a0c30580cfb6.rlib(libdefault-lib-cipher_aes_gcm.obj) : warning LNK4099: PDB 'ossl_static.pdb' was not found with 'libopenssl_sys-26e3a0c30580cfb6.rlib(libdefault-lib-cipher_aes_gcm.obj)' or at 'C:\Users\Shehr\work\MedScale-074\target\debug\deps\ossl_static.pdb'; linking object as if no debug infoΓÉì
         libopenssl_sys-26e3a0c30580cfb6.rlib(libdefault-lib-cipher_aes_ccm.obj) : warning LNK4099: PDB 'ossl_static.pdb' was not found with 'libopenssl_sys-26e3a0c30580cfb6.rlib(libdefault-lib-cipher_aes_ccm.obj)' or at 'C:\Users\Shehr\work\MedScale-074\target\debug\deps\ossl_static.pdb'; linking object as if no debug infoΓÉì
         libopenssl_sys-26e3a0c30580cfb6.rlib(libdefault-lib-cipher_aes_wrp.obj) : warning LNK4099: PDB 'ossl_static.pdb' was not found with 'libopenssl_sys-26e3a0c30580cfb6.rlib(libdefault-lib-cipher_aes_wrp.obj)' or at 'C:\Users\Shehr\work\MedScale-074\target\debug\deps\ossl_static.pdb'; linking object as if no debug infoΓÉì
         libopenssl_sys-26e3a0c30580cfb6.rlib(libdefault-lib-cipher_aes_cbc_hmac_sha.obj) : warning LNK4099: PDB 'ossl_static.pdb' was not found with 'libopenssl_sys-26e3a0c30580cfb6.rlib(libdefault-lib-cipher_aes_cbc_hmac_sha.obj)' or at 'C:\Users\Shehr\work\MedScale-074\target\debug\deps\ossl_static.pdb'; linking object as if no debug infoΓÉì
         libopenssl_sys-26e3a0c30580cfb6.rlib(libdefault-lib-cipher_aes_cbc_hmac_sha_etm.obj) : warning LNK4099: PDB 'ossl_static.pdb' was not found with 'libopenssl_sys-26e3a0c30580cfb6.rlib(libdefault-lib-cipher_aes_cbc_hmac_sha_etm.obj)' or at 'C:\Users\Shehr\work\MedScale-074\target\debug\deps\ossl_static.pdb'; linking object as if no debug infoΓÉì
         libopenssl_sys-26e3a0c30580cfb6.rlib(libdefault-lib-cipher_aria_gcm.obj) : warning LNK4099: PDB 'ossl_static.pdb' was not found with 'libopenssl_sys-26e3a0c30580cfb6.rlib(libdefault-lib-cipher_aria_gcm.obj)' or at 'C:\Users\Shehr\work\MedScale-074\target\debug\deps\ossl_static.pdb'; linking object as if no debug infoΓÉì
         libopenssl_sys-26e3a0c30580cfb6.rlib(libdefault-lib-cipher_aria_ccm.obj) : warning LNK4099: PDB 'ossl_static.pdb' was not found with 'libopenssl_sys-26e3a0c30580cfb6.rlib(libdefault-lib-cipher_aria_ccm.obj)' or at 'C:\Users\Shehr\work\MedScale-074\target\debug\deps\ossl_static.pdb'; linking object as if no debug infoΓÉì
         libopenssl_sys-26e3a0c30580cfb6.rlib(libdefault-lib-cipher_aria.obj) : warning LNK4099: PDB 'ossl_static.pdb' was not found with 'libopenssl_sys-26e3a0c30580cfb6.rlib(libdefault-lib-cipher_aria.obj)' or at 'C:\Users\Shehr\work\MedScale-074\target\debug\deps\ossl_static.pdb'; linking object as if no debug infoΓÉì
         libopenssl_sys-26e3a0c30580cfb6.rlib(libdefault-lib-cipher_sm4_gcm.obj) : warning LNK4099: PDB 'ossl_static.pdb' was not found with 'libopenssl_sys-26e3a0c30580cfb6.rlib(libdefault-lib-cipher_sm4_gcm.obj)' or at 'C:\Users\Shehr\work\MedScale-074\target\debug\deps\ossl_static.pdb'; linking object as if no debug infoΓÉì
         libopenssl_sys-26e3a0c30580cfb6.rlib(libdefault-lib-cipher_sm4_ccm.obj) : warning LNK4099: PDB 'ossl_static.pdb' was not found with 'libopenssl_sys-26e3a0c30580cfb6.rlib(libdefault-lib-cipher_sm4_ccm.obj)' or at 'C:\Users\Shehr\work\MedScale-074\target\debug\deps\ossl_static.pdb'; linking object as if no debug infoΓÉì
         libopenssl_sys-26e3a0c30580cfb6.rlib(libdefault-lib-cipher_sm4.obj) : warning LNK4099: PDB 'ossl_static.pdb' was not found with 'libopenssl_sys-26e3a0c30580cfb6.rlib(libdefault-lib-cipher_sm4.obj)' or at 'C:\Users\Shehr\work\MedScale-074\target\debug\deps\ossl_static.pdb'; linking object as if no debug infoΓÉì
         libopenssl_sys-26e3a0c30580cfb6.rlib(libdefault-lib-cipher_sm4_xts.obj) : warning LNK4099: PDB 'ossl_static.pdb' was not found with 'libopenssl_sys-26e3a0c30580cfb6.rlib(libdefault-lib-cipher_sm4_xts.obj)' or at 'C:\Users\Shehr\work\MedScale-074\target\debug\deps\ossl_static.pdb'; linking object as if no debug infoΓÉì
         libopenssl_sys-26e3a0c30580cfb6.rlib(libdefault-lib-cipher_tdes.obj) : warning LNK4099: PDB 'ossl_static.pdb' was not found with 'libopenssl_sys-26e3a0c30580cfb6.rlib(libdefault-lib-cipher_tdes.obj)' or at 'C:\Users\Shehr\work\MedScale-074\target\debug\deps\ossl_static.pdb'; linking object as if no debug infoΓÉì
         libopenssl_sys-26e3a0c30580cfb6.rlib(libdefault-lib-cipher_tdes_default.obj) : warning LNK4099: PDB 'ossl_static.pdb' was not found with 'libopenssl_sys-26e3a0c30580cfb6.rlib(libdefault-lib-cipher_tdes_default.obj)' or at 'C:\Users\Shehr\work\MedScale-074\target\debug\deps\ossl_static.pdb'; linking object as if no debug infoΓÉì
         libopenssl_sys-26e3a0c30580cfb6.rlib(libdefault-lib-cipher_tdes_wrap.obj) : warning LNK4099: PDB 'ossl_static.pdb' was not found with 'libopenssl_sys-26e3a0c30580cfb6.rlib(libdefault-lib-cipher_tdes_wrap.obj)' or at 'C:\Users\Shehr\work\MedScale-074\target\debug\deps\ossl_static.pdb'; linking object as if no debug infoΓÉì
         libopenssl_sys-26e3a0c30580cfb6.rlib(libdefault-lib-cipher_chacha20.obj) : warning LNK4099: PDB 'ossl_static.pdb' was not found with 'libopenssl_sys-26e3a0c30580cfb6.rlib(libdefault-lib-cipher_chacha20.obj)' or at 'C:\Users\Shehr\work\MedScale-074\target\debug\deps\ossl_static.pdb'; linking object as if no debug infoΓÉì
         libopenssl_sys-26e3a0c30580cfb6.rlib(libdefault-lib-cipher_chacha20_poly1305.obj) : warning LNK4099: PDB 'ossl_static.pdb' was not found with 'libopenssl_sys-26e3a0c30580cfb6.rlib(libdefault-lib-cipher_chacha20_poly1305.obj)' or at 'C:\Users\Shehr\work\MedScale-074\target\debug\deps\ossl_static.pdb'; linking object as if no debug infoΓÉì
         libopenssl_sys-26e3a0c30580cfb6.rlib(libdefault-lib-cipher_aes_siv.obj) : warning LNK4099: PDB 'ossl_static.pdb' was not found with 'libopenssl_sys-26e3a0c30580cfb6.rlib(libdefault-lib-cipher_aes_siv.obj)' or at 'C:\Users\Shehr\work\MedScale-074\target\debug\deps\ossl_static.pdb'; linking object as if no debug infoΓÉì
         libopenssl_sys-26e3a0c30580cfb6.rlib(libdefault-lib-cipher_aes_gcm_siv.obj) : warning LNK4099: PDB 'ossl_static.pdb' was not found with 'libopenssl_sys-26e3a0c30580cfb6.rlib(libdefault-lib-cipher_aes_gcm_siv.obj)' or at 'C:\Users\Shehr\work\MedScale-074\target\debug\deps\ossl_static.pdb'; linking object as if no debug infoΓÉì
         libopenssl_sys-26e3a0c30580cfb6.rlib(libdefault-lib-blake2b_mac.obj) : warning LNK4099: PDB 'ossl_static.pdb' was not found with 'libopenssl_sys-26e3a0c30580cfb6.rlib(libdefault-lib-blake2b_mac.obj)' or at 'C:\Users\Shehr\work\MedScale-074\target\debug\deps\ossl_static.pdb'; linking object as if no debug infoΓÉì
         libopenssl_sys-26e3a0c30580cfb6.rlib(libdefault-lib-blake2s_mac.obj) : warning LNK4099: PDB 'ossl_static.pdb' was not found with 'libopenssl_sys-26e3a0c30580cfb6.rlib(libdefault-lib-blake2s_mac.obj)' or at 'C:\Users\Shehr\work\MedScale-074\target\debug\deps\ossl_static.pdb'; linking object as if no debug infoΓÉì
         libopenssl_sys-26e3a0c30580cfb6.rlib(libdefault-lib-cmac_prov.obj) : warning LNK4099: PDB 'ossl_static.pdb' was not found with 'libopenssl_sys-26e3a0c30580cfb6.rlib(libdefault-lib-cmac_prov.obj)' or at 'C:\Users\Shehr\work\MedScale-074\target\debug\deps\ossl_static.pdb'; linking object as if no debug infoΓÉì
         libopenssl_sys-26e3a0c30580cfb6.rlib(libdefault-lib-gmac_prov.obj) : warning LNK4099: PDB 'ossl_static.pdb' was not found with 'libopenssl_sys-26e3a0c30580cfb6.rlib(libdefault-lib-gmac_prov.obj)' or at 'C:\Users\Shehr\work\MedScale-074\target\debug\deps\ossl_static.pdb'; linking object as if no debug infoΓÉì
         libopenssl_sys-26e3a0c30580cfb6.rlib(libdefault-lib-hmac_prov.obj) : warning LNK4099: PDB 'ossl_static.pdb' was not found with 'libopenssl_sys-26e3a0c30580cfb6.rlib(libdefault-lib-hmac_prov.obj)' or at 'C:\Users\Shehr\work\MedScale-074\target\debug\deps\ossl_static.pdb'; linking object as if no debug infoΓÉì
         libopenssl_sys-26e3a0c30580cfb6.rlib(libdefault-lib-kmac_prov.obj) : warning LNK4099: PDB 'ossl_static.pdb' was not found with 'libopenssl_sys-26e3a0c30580cfb6.rlib(libdefault-lib-kmac_prov.obj)' or at 'C:\Users\Shehr\work\MedScale-074\target\debug\deps\ossl_static.pdb'; linking object as if no debug infoΓÉì
         libopenssl_sys-26e3a0c30580cfb6.rlib(libdefault-lib-siphash_prov.obj) : warning LNK4099: PDB 'ossl_static.pdb' was not found with 'libopenssl_sys-26e3a0c30580cfb6.rlib(libdefault-lib-siphash_prov.obj)' or at 'C:\Users\Shehr\work\MedScale-074\target\debug\deps\ossl_static.pdb'; linking object as if no debug infoΓÉì
         libopenssl_sys-26e3a0c30580cfb6.rlib(libdefault-lib-poly1305_prov.obj) : warning LNK4099: PDB 'ossl_static.pdb' was not found with 'libopenssl_sys-26e3a0c30580cfb6.rlib(libdefault-lib-poly1305_prov.obj)' or at 'C:\Users\Shehr\work\MedScale-074\target\debug\deps\ossl_static.pdb'; linking object as if no debug infoΓÉì
         libopenssl_sys-26e3a0c30580cfb6.rlib(libdefault-lib-pbkdf2.obj) : warning LNK4099: PDB 'ossl_static.pdb' was not found with 'libopenssl_sys-26e3a0c30580cfb6.rlib(libdefault-lib-pbkdf2.obj)' or at 'C:\Users\Shehr\work\MedScale-074\target\debug\deps\ossl_static.pdb'; linking object as if no debug infoΓÉì
         libopenssl_sys-26e3a0c30580cfb6.rlib(libdefault-lib-pkcs12kdf.obj) : warning LNK4099: PDB 'ossl_static.pdb' was not found with 'libopenssl_sys-26e3a0c30580cfb6.rlib(libdefault-lib-pkcs12kdf.obj)' or at 'C:\Users\Shehr\work\MedScale-074\target\debug\deps\ossl_static.pdb'; linking object as if no debug infoΓÉì
         libopenssl_sys-26e3a0c30580cfb6.rlib(libdefault-lib-scrypt.obj) : warning LNK4099: PDB 'ossl_static.pdb' was not found with 'libopenssl_sys-26e3a0c30580cfb6.rlib(libdefault-lib-scrypt.obj)' or at 'C:\Users\Shehr\work\MedScale-074\target\debug\deps\ossl_static.pdb'; linking object as if no debug infoΓÉì
         libopenssl_sys-26e3a0c30580cfb6.rlib(libdefault-lib-tls1_prf.obj) : warning LNK4099: PDB 'ossl_static.pdb' was not found with 'libopenssl_sys-26e3a0c30580cfb6.rlib(libdefault-lib-tls1_prf.obj)' or at 'C:\Users\Shehr\work\MedScale-074\target\debug\deps\ossl_static.pdb'; linking object as if no debug infoΓÉì
         libopenssl_sys-26e3a0c30580cfb6.rlib(libdefault-lib-hkdf.obj) : warning LNK4099: PDB 'ossl_static.pdb' was not found with 'libopenssl_sys-26e3a0c30580cfb6.rlib(libdefault-lib-hkdf.obj)' or at 'C:\Users\Shehr\work\MedScale-074\target\debug\deps\ossl_static.pdb'; linking object as if no debug infoΓÉì
         libopenssl_sys-26e3a0c30580cfb6.rlib(libdefault-lib-sshkdf.obj) : warning LNK4099: PDB 'ossl_static.pdb' was not found with 'libopenssl_sys-26e3a0c30580cfb6.rlib(libdefault-lib-sshkdf.obj)' or at 'C:\Users\Shehr\work\MedScale-074\target\debug\deps\ossl_static.pdb'; linking object as if no debug infoΓÉì
         libopenssl_sys-26e3a0c30580cfb6.rlib(libdefault-lib-sskdf.obj) : warning LNK4099: PDB 'ossl_static.pdb' was not found with 'libopenssl_sys-26e3a0c30580cfb6.rlib(libdefault-lib-sskdf.obj)' or at 'C:\Users\Shehr\work\MedScale-074\target\debug\deps\ossl_static.pdb'; linking object as if no debug infoΓÉì
         libopenssl_sys-26e3a0c30580cfb6.rlib(libdefault-lib-kbkdf.obj) : warning LNK4099: PDB 'ossl_static.pdb' was not found with 'libopenssl_sys-26e3a0c30580cfb6.rlib(libdefault-lib-kbkdf.obj)' or at 'C:\Users\Shehr\work\MedScale-074\target\debug\deps\ossl_static.pdb'; linking object as if no debug infoΓÉì
         libopenssl_sys-26e3a0c30580cfb6.rlib(libdefault-lib-x942kdf.obj) : warning LNK4099: PDB 'ossl_static.pdb' was not found with 'libopenssl_sys-26e3a0c30580cfb6.rlib(libdefault-lib-x942kdf.obj)' or at 'C:\Users\Shehr\work\MedScale-074\target\debug\deps\ossl_static.pdb'; linking object as if no debug infoΓÉì
         libopenssl_sys-26e3a0c30580cfb6.rlib(libdefault-lib-krb5kdf.obj) : warning LNK4099: PDB 'ossl_static.pdb' was not found with 'libopenssl_sys-26e3a0c30580cfb6.rlib(libdefault-lib-krb5kdf.obj)' or at 'C:\Users\Shehr\work\MedScale-074\target\debug\deps\ossl_static.pdb'; linking object as if no debug infoΓÉì
         libopenssl_sys-26e3a0c30580cfb6.rlib(libdefault-lib-hmacdrbg_kdf.obj) : warning LNK4099: PDB 'ossl_static.pdb' was not found with 'libopenssl_sys-26e3a0c30580cfb6.rlib(libdefault-lib-hmacdrbg_kdf.obj)' or at 'C:\Users\Shehr\work\MedScale-074\target\debug\deps\ossl_static.pdb'; linking object as if no debug infoΓÉì
         libopenssl_sys-26e3a0c30580cfb6.rlib(libdefault-lib-argon2.obj) : warning LNK4099: PDB 'ossl_static.pdb' was not found with 'libopenssl_sys-26e3a0c30580cfb6.rlib(libdefault-lib-argon2.obj)' or at 'C:\Users\Shehr\work\MedScale-074\target\debug\deps\ossl_static.pdb'; linking object as if no debug infoΓÉì
         libopenssl_sys-26e3a0c30580cfb6.rlib(libdefault-lib-test_rng.obj) : warning LNK4099: PDB 'ossl_static.pdb' was not found with 'libopenssl_sys-26e3a0c30580cfb6.rlib(libdefault-lib-test_rng.obj)' or at 'C:\Users\Shehr\work\MedScale-074\target\debug\deps\ossl_static.pdb'; linking object as if no debug infoΓÉì
         libopenssl_sys-26e3a0c30580cfb6.rlib(libdefault-lib-seed_src.obj) : warning LNK4099: PDB 'ossl_static.pdb' was not found with 'libopenssl_sys-26e3a0c30580cfb6.rlib(libdefault-lib-seed_src.obj)' or at 'C:\Users\Shehr\work\MedScale-074\target\debug\deps\ossl_static.pdb'; linking object as if no debug infoΓÉì
         libopenssl_sys-26e3a0c30580cfb6.rlib(libdefault-lib-drbg_hash.obj) : warning LNK4099: PDB 'ossl_static.pdb' was not found with 'libopenssl_sys-26e3a0c30580cfb6.rlib(libdefault-lib-drbg_hash.obj)' or at 'C:\Users\Shehr\work\MedScale-074\target\debug\deps\ossl_static.pdb'; linking object as if no debug infoΓÉì
         libopenssl_sys-26e3a0c30580cfb6.rlib(libdefault-lib-drbg_hmac.obj) : warning LNK4099: PDB 'ossl_static.pdb' was not found with 'libopenssl_sys-26e3a0c30580cfb6.rlib(libdefault-lib-drbg_hmac.obj)' or at 'C:\Users\Shehr\work\MedScale-074\target\debug\deps\ossl_static.pdb'; linking object as if no debug infoΓÉì
         libopenssl_sys-26e3a0c30580cfb6.rlib(libdefault-lib-drbg_ctr.obj) : warning LNK4099: PDB 'ossl_static.pdb' was not found with 'libopenssl_sys-26e3a0c30580cfb6.rlib(libdefault-lib-drbg_ctr.obj)' or at 'C:\Users\Shehr\work\MedScale-074\target\debug\deps\ossl_static.pdb'; linking object as if no debug infoΓÉì
         libopenssl_sys-26e3a0c30580cfb6.rlib(libdefault-lib-dh_kmgmt.obj) : warning LNK4099: PDB 'ossl_static.pdb' was not found with 'libopenssl_sys-26e3a0c30580cfb6.rlib(libdefault-lib-dh_kmgmt.obj)' or at 'C:\Users\Shehr\work\MedScale-074\target\debug\deps\ossl_static.pdb'; linking object as if no debug infoΓÉì
         libopenssl_sys-26e3a0c30580cfb6.rlib(libdefault-lib-dsa_kmgmt.obj) : warning LNK4099: PDB 'ossl_static.pdb' was not found with 'libopenssl_sys-26e3a0c30580cfb6.rlib(libdefault-lib-dsa_kmgmt.obj)' or at 'C:\Users\Shehr\work\MedScale-074\target\debug\deps\ossl_static.pdb'; linking object as if no debug infoΓÉì
         libopenssl_sys-26e3a0c30580cfb6.rlib(libdefault-lib-rsa_kmgmt.obj) : warning LNK4099: PDB 'ossl_static.pdb' was not found with 'libopenssl_sys-26e3a0c30580cfb6.rlib(libdefault-lib-rsa_kmgmt.obj)' or at 'C:\Users\Shehr\work\MedScale-074\target\debug\deps\ossl_static.pdb'; linking object as if no debug infoΓÉì
         libopenssl_sys-26e3a0c30580cfb6.rlib(libdefault-lib-kdf_legacy_kmgmt.obj) : warning LNK4099: PDB 'ossl_static.pdb' was not found with 'libopenssl_sys-26e3a0c30580cfb6.rlib(libdefault-lib-kdf_legacy_kmgmt.obj)' or at 'C:\Users\Shehr\work\MedScale-074\target\debug\deps\ossl_static.pdb'; linking object as if no debug infoΓÉì
         libopenssl_sys-26e3a0c30580cfb6.rlib(libdefault-lib-mac_legacy_kmgmt.obj) : warning LNK4099: PDB 'ossl_static.pdb' was not found with 'libopenssl_sys-26e3a0c30580cfb6.rlib(libdefault-lib-mac_legacy_kmgmt.obj)' or at 'C:\Users\Shehr\work\MedScale-074\target\debug\deps\ossl_static.pdb'; linking object as if no debug infoΓÉì
         libopenssl_sys-26e3a0c30580cfb6.rlib(libdefault-lib-ec_kmgmt.obj) : warning LNK4099: PDB 'ossl_static.pdb' was not found with 'libopenssl_sys-26e3a0c30580cfb6.rlib(libdefault-lib-ec_kmgmt.obj)' or at 'C:\Users\Shehr\work\MedScale-074\target\debug\deps\ossl_static.pdb'; linking object as if no debug infoΓÉì
         libopenssl_sys-26e3a0c30580cfb6.rlib(libdefault-lib-ecx_kmgmt.obj) : warning LNK4099: PDB 'ossl_static.pdb' was not found with 'libopenssl_sys-26e3a0c30580cfb6.rlib(libdefault-lib-ecx_kmgmt.obj)' or at 'C:\Users\Shehr\work\MedScale-074\target\debug\deps\ossl_static.pdb'; linking object as if no debug infoΓÉì
         libopenssl_sys-26e3a0c30580cfb6.rlib(libdefault-lib-ml_dsa_kmgmt.obj) : warning LNK4099: PDB 'ossl_static.pdb' was not found with 'libopenssl_sys-26e3a0c30580cfb6.rlib(libdefault-lib-ml_dsa_kmgmt.obj)' or at 'C:\Users\Shehr\work\MedScale-074\target\debug\deps\ossl_static.pdb'; linking object as if no debug infoΓÉì
         libopenssl_sys-26e3a0c30580cfb6.rlib(libdefault-lib-ml_kem_kmgmt.obj) : warning LNK4099: PDB 'ossl_static.pdb' was not found with 'libopenssl_sys-26e3a0c30580cfb6.rlib(libdefault-lib-ml_kem_kmgmt.obj)' or at 'C:\Users\Shehr\work\MedScale-074\target\debug\deps\ossl_static.pdb'; linking object as if no debug infoΓÉì
         libopenssl_sys-26e3a0c30580cfb6.rlib(libdefault-lib-mlx_kmgmt.obj) : warning LNK4099: PDB 'ossl_static.pdb' was not found with 'libopenssl_sys-26e3a0c30580cfb6.rlib(libdefault-lib-mlx_kmgmt.obj)' or at 'C:\Users\Shehr\work\MedScale-074\target\debug\deps\ossl_static.pdb'; linking object as if no debug infoΓÉì
         libopenssl_sys-26e3a0c30580cfb6.rlib(libdefault-lib-slh_dsa_kmgmt.obj) : warning LNK4099: PDB 'ossl_static.pdb' was not found with 'libopenssl_sys-26e3a0c30580cfb6.rlib(libdefault-lib-slh_dsa_kmgmt.obj)' or at 'C:\Users\Shehr\work\MedScale-074\target\debug\deps\ossl_static.pdb'; linking object as if no debug infoΓÉì
         libopenssl_sys-26e3a0c30580cfb6.rlib(libdefault-lib-dh_exch.obj) : warning LNK4099: PDB 'ossl_static.pdb' was not found with 'libopenssl_sys-26e3a0c30580cfb6.rlib(libdefault-lib-dh_exch.obj)' or at 'C:\Users\Shehr\work\MedScale-074\target\debug\deps\ossl_static.pdb'; linking object as if no debug infoΓÉì
         libopenssl_sys-26e3a0c30580cfb6.rlib(libdefault-lib-ecdh_exch.obj) : warning LNK4099: PDB 'ossl_static.pdb' was not found with 'libopenssl_sys-26e3a0c30580cfb6.rlib(libdefault-lib-ecdh_exch.obj)' or at 'C:\Users\Shehr\work\MedScale-074\target\debug\deps\ossl_static.pdb'; linking object as if no debug infoΓÉì
         libopenssl_sys-26e3a0c30580cfb6.rlib(libdefault-lib-ecx_exch.obj) : warning LNK4099: PDB 'ossl_static.pdb' was not found with 'libopenssl_sys-26e3a0c30580cfb6.rlib(libdefault-lib-ecx_exch.obj)' or at 'C:\Users\Shehr\work\MedScale-074\target\debug\deps\ossl_static.pdb'; linking object as if no debug infoΓÉì
         libopenssl_sys-26e3a0c30580cfb6.rlib(libdefault-lib-kdf_exch.obj) : warning LNK4099: PDB 'ossl_static.pdb' was not found with 'libopenssl_sys-26e3a0c30580cfb6.rlib(libdefault-lib-kdf_exch.obj)' or at 'C:\Users\Shehr\work\MedScale-074\target\debug\deps\ossl_static.pdb'; linking object as if no debug infoΓÉì
         libopenssl_sys-26e3a0c30580cfb6.rlib(libdefault-lib-dsa_sig.obj) : warning LNK4099: PDB 'ossl_static.pdb' was not found with 'libopenssl_sys-26e3a0c30580cfb6.rlib(libdefault-lib-dsa_sig.obj)' or at 'C:\Users\Shehr\work\MedScale-074\target\debug\deps\ossl_static.pdb'; linking object as if no debug infoΓÉì
         libopenssl_sys-26e3a0c30580cfb6.rlib(libdefault-lib-rsa_sig.obj) : warning LNK4099: PDB 'ossl_static.pdb' was not found with 'libopenssl_sys-26e3a0c30580cfb6.rlib(libdefault-lib-rsa_sig.obj)' or at 'C:\Users\Shehr\work\MedScale-074\target\debug\deps\ossl_static.pdb'; linking object as if no debug infoΓÉì
         libopenssl_sys-26e3a0c30580cfb6.rlib(libdefault-lib-eddsa_sig.obj) : warning LNK4099: PDB 'ossl_static.pdb' was not found with 'libopenssl_sys-26e3a0c30580cfb6.rlib(libdefault-lib-eddsa_sig.obj)' or at 'C:\Users\Shehr\work\MedScale-074\target\debug\deps\ossl_static.pdb'; linking object as if no debug infoΓÉì
         libopenssl_sys-26e3a0c30580cfb6.rlib(libdefault-lib-ecdsa_sig.obj) : warning LNK4099: PDB 'ossl_static.pdb' was not found with 'libopenssl_sys-26e3a0c30580cfb6.rlib(libdefault-lib-ecdsa_sig.obj)' or at 'C:\Users\Shehr\work\MedScale-074\target\debug\deps\ossl_static.pdb'; linking object as if no debug infoΓÉì
         libopenssl_sys-26e3a0c30580cfb6.rlib(libdefault-lib-mac_legacy_sig.obj) : warning LNK4099: PDB 'ossl_static.pdb' was not found with 'libopenssl_sys-26e3a0c30580cfb6.rlib(libdefault-lib-mac_legacy_sig.obj)' or at 'C:\Users\Shehr\work\MedScale-074\target\debug\deps\ossl_static.pdb'; linking object as if no debug infoΓÉì
         libopenssl_sys-26e3a0c30580cfb6.rlib(libdefault-lib-sm2_sig.obj) : warning LNK4099: PDB 'ossl_static.pdb' was not found with 'libopenssl_sys-26e3a0c30580cfb6.rlib(libdefault-lib-sm2_sig.obj)' or at 'C:\Users\Shehr\work\MedScale-074\target\debug\deps\ossl_static.pdb'; linking object as if no debug infoΓÉì
         libopenssl_sys-26e3a0c30580cfb6.rlib(libdefault-lib-ml_dsa_sig.obj) : warning LNK4099: PDB 'ossl_static.pdb' was not found with 'libopenssl_sys-26e3a0c30580cfb6.rlib(libdefault-lib-ml_dsa_sig.obj)' or at 'C:\Users\Shehr\work\MedScale-074\target\debug\deps\ossl_static.pdb'; linking object as if no debug infoΓÉì
         libopenssl_sys-26e3a0c30580cfb6.rlib(libdefault-lib-slh_dsa_sig.obj) : warning LNK4099: PDB 'ossl_static.pdb' was not found with 'libopenssl_sys-26e3a0c30580cfb6.rlib(libdefault-lib-slh_dsa_sig.obj)' or at 'C:\Users\Shehr\work\MedScale-074\target\debug\deps\ossl_static.pdb'; linking object as if no debug infoΓÉì
         libopenssl_sys-26e3a0c30580cfb6.rlib(libdefault-lib-rsa_enc.obj) : warning LNK4099: PDB 'ossl_static.pdb' was not found with 'libopenssl_sys-26e3a0c30580cfb6.rlib(libdefault-lib-rsa_enc.obj)' or at 'C:\Users\Shehr\work\MedScale-074\target\debug\deps\ossl_static.pdb'; linking object as if no debug infoΓÉì
         libopenssl_sys-26e3a0c30580cfb6.rlib(libdefault-lib-sm2_enc.obj) : warning LNK4099: PDB 'ossl_static.pdb' was not found with 'libopenssl_sys-26e3a0c30580cfb6.rlib(libdefault-lib-sm2_enc.obj)' or at 'C:\Users\Shehr\work\MedScale-074\target\debug\deps\ossl_static.pdb'; linking object as if no debug infoΓÉì
         libopenssl_sys-26e3a0c30580cfb6.rlib(libdefault-lib-rsa_kem.obj) : warning LNK4099: PDB 'ossl_static.pdb' was not found with 'libopenssl_sys-26e3a0c30580cfb6.rlib(libdefault-lib-rsa_kem.obj)' or at 'C:\Users\Shehr\work\MedScale-074\target\debug\deps\ossl_static.pdb'; linking object as if no debug infoΓÉì
         libopenssl_sys-26e3a0c30580cfb6.rlib(libdefault-lib-ecx_kem.obj) : warning LNK4099: PDB 'ossl_static.pdb' was not found with 'libopenssl_sys-26e3a0c30580cfb6.rlib(libdefault-lib-ecx_kem.obj)' or at 'C:\Users\Shehr\work\MedScale-074\target\debug\deps\ossl_static.pdb'; linking object as if no debug infoΓÉì
         libopenssl_sys-26e3a0c30580cfb6.rlib(libdefault-lib-ml_kem_kem.obj) : warning LNK4099: PDB 'ossl_static.pdb' was not found with 'libopenssl_sys-26e3a0c30580cfb6.rlib(libdefault-lib-ml_kem_kem.obj)' or at 'C:\Users\Shehr\work\MedScale-074\target\debug\deps\ossl_static.pdb'; linking object as if no debug infoΓÉì
         libopenssl_sys-26e3a0c30580cfb6.rlib(libdefault-lib-mlx_kem.obj) : warning LNK4099: PDB 'ossl_static.pdb' was not found with 'libopenssl_sys-26e3a0c30580cfb6.rlib(libdefault-lib-mlx_kem.obj)' or at 'C:\Users\Shehr\work\MedScale-074\target\debug\deps\ossl_static.pdb'; linking object as if no debug infoΓÉì
         libopenssl_sys-26e3a0c30580cfb6.rlib(libdefault-lib-encode_key2any.obj) : warning LNK4099: PDB 'ossl_static.pdb' was not found with 'libopenssl_sys-26e3a0c30580cfb6.rlib(libdefault-lib-encode_key2any.obj)' or at 'C:\Users\Shehr\work\MedScale-074\target\debug\deps\ossl_static.pdb'; linking object as if no debug infoΓÉì
         libopenssl_sys-26e3a0c30580cfb6.rlib(libdefault-lib-encode_key2ms.obj) : warning LNK4099: PDB 'ossl_static.pdb' was not found with 'libopenssl_sys-26e3a0c30580cfb6.rlib(libdefault-lib-encode_key2ms.obj)' or at 'C:\Users\Shehr\work\MedScale-074\target\debug\deps\ossl_static.pdb'; linking object as if no debug infoΓÉì
         libopenssl_sys-26e3a0c30580cfb6.rlib(libdefault-lib-encode_key2text.obj) : warning LNK4099: PDB 'ossl_static.pdb' was not found with 'libopenssl_sys-26e3a0c30580cfb6.rlib(libdefault-lib-encode_key2text.obj)' or at 'C:\Users\Shehr\work\MedScale-074\target\debug\deps\ossl_static.pdb'; linking object as if no debug infoΓÉì
         libopenssl_sys-26e3a0c30580cfb6.rlib(libdefault-lib-encode_key2blob.obj) : warning LNK4099: PDB 'ossl_static.pdb' was not found with 'libopenssl_sys-26e3a0c30580cfb6.rlib(libdefault-lib-encode_key2blob.obj)' or at 'C:\Users\Shehr\work\MedScale-074\target\debug\deps\ossl_static.pdb'; linking object as if no debug infoΓÉì
         libopenssl_sys-26e3a0c30580cfb6.rlib(libdefault-lib-decode_der2key.obj) : warning LNK4099: PDB 'ossl_static.pdb' was not found with 'libopenssl_sys-26e3a0c30580cfb6.rlib(libdefault-lib-decode_der2key.obj)' or at 'C:\Users\Shehr\work\MedScale-074\target\debug\deps\ossl_static.pdb'; linking object as if no debug infoΓÉì
         libopenssl_sys-26e3a0c30580cfb6.rlib(libdefault-lib-decode_msblob2key.obj) : warning LNK4099: PDB 'ossl_static.pdb' was not found with 'libopenssl_sys-26e3a0c30580cfb6.rlib(libdefault-lib-decode_msblob2key.obj)' or at 'C:\Users\Shehr\work\MedScale-074\target\debug\deps\ossl_static.pdb'; linking object as if no debug infoΓÉì
         libopenssl_sys-26e3a0c30580cfb6.rlib(libdefault-lib-decode_pvk2key.obj) : warning LNK4099: PDB 'ossl_static.pdb' was not found with 'libopenssl_sys-26e3a0c30580cfb6.rlib(libdefault-lib-decode_pvk2key.obj)' or at 'C:\Users\Shehr\work\MedScale-074\target\debug\deps\ossl_static.pdb'; linking object as if no debug infoΓÉì
         libopenssl_sys-26e3a0c30580cfb6.rlib(libdefault-lib-decode_epki2pki.obj) : warning LNK4099: PDB 'ossl_static.pdb' was not found with 'libopenssl_sys-26e3a0c30580cfb6.rlib(libdefault-lib-decode_epki2pki.obj)' or at 'C:\Users\Shehr\work\MedScale-074\target\debug\deps\ossl_static.pdb'; linking object as if no debug infoΓÉì
         libopenssl_sys-26e3a0c30580cfb6.rlib(libdefault-lib-decode_spki2typespki.obj) : warning LNK4099: PDB 'ossl_static.pdb' was not found with 'libopenssl_sys-26e3a0c30580cfb6.rlib(libdefault-lib-decode_spki2typespki.obj)' or at 'C:\Users\Shehr\work\MedScale-074\target\debug\deps\ossl_static.pdb'; linking object as if no debug infoΓÉì
         libopenssl_sys-26e3a0c30580cfb6.rlib(libdefault-lib-decode_pem2der.obj) : warning LNK4099: PDB 'ossl_static.pdb' was not found with 'libopenssl_sys-26e3a0c30580cfb6.rlib(libdefault-lib-decode_pem2der.obj)' or at 'C:\Users\Shehr\work\MedScale-074\target\debug\deps\ossl_static.pdb'; linking object as if no debug infoΓÉì
         libopenssl_sys-26e3a0c30580cfb6.rlib(libdefault-lib-file_store.obj) : warning LNK4099: PDB 'ossl_static.pdb' was not found with 'libopenssl_sys-26e3a0c30580cfb6.rlib(libdefault-lib-file_store.obj)' or at 'C:\Users\Shehr\work\MedScale-074\target\debug\deps\ossl_static.pdb'; linking object as if no debug infoΓÉì
         libopenssl_sys-26e3a0c30580cfb6.rlib(libdefault-lib-winstore_store.obj) : warning LNK4099: PDB 'ossl_static.pdb' was not found with 'libopenssl_sys-26e3a0c30580cfb6.rlib(libdefault-lib-winstore_store.obj)' or at 'C:\Users\Shehr\work\MedScale-074\target\debug\deps\ossl_static.pdb'; linking object as if no debug infoΓÉì
         libopenssl_sys-26e3a0c30580cfb6.rlib(libdefault-lib-generic.obj) : warning LNK4099: PDB 'ossl_static.pdb' was not found with 'libopenssl_sys-26e3a0c30580cfb6.rlib(libdefault-lib-generic.obj)' or at 'C:\Users\Shehr\work\MedScale-074\target\debug\deps\ossl_static.pdb'; linking object as if no debug infoΓÉì
         libopenssl_sys-26e3a0c30580cfb6.rlib(libdefault-lib-aes_skmgmt.obj) : warning LNK4099: PDB 'ossl_static.pdb' was not found with 'libopenssl_sys-26e3a0c30580cfb6.rlib(libdefault-lib-aes_skmgmt.obj)' or at 'C:\Users\Shehr\work\MedScale-074\target\debug\deps\ossl_static.pdb'; linking object as if no debug infoΓÉì
         libopenssl_sys-26e3a0c30580cfb6.rlib(libdefault-lib-bio_prov.obj) : warning LNK4099: PDB 'ossl_static.pdb' was not found with 'libopenssl_sys-26e3a0c30580cfb6.rlib(libdefault-lib-bio_prov.obj)' or at 'C:\Users\Shehr\work\MedScale-074\target\debug\deps\ossl_static.pdb'; linking object as if no debug infoΓÉì
         libopenssl_sys-26e3a0c30580cfb6.rlib(libdefault-lib-provider_util.obj) : warning LNK4099: PDB 'ossl_static.pdb' was not found with 'libopenssl_sys-26e3a0c30580cfb6.rlib(libdefault-lib-provider_util.obj)' or at 'C:\Users\Shehr\work\MedScale-074\target\debug\deps\ossl_static.pdb'; linking object as if no debug infoΓÉì
         libopenssl_sys-26e3a0c30580cfb6.rlib(liblegacy-lib-md4_prov.obj) : warning LNK4099: PDB 'ossl_static.pdb' was not found with 'libopenssl_sys-26e3a0c30580cfb6.rlib(liblegacy-lib-md4_prov.obj)' or at 'C:\Users\Shehr\work\MedScale-074\target\debug\deps\ossl_static.pdb'; linking object as if no debug infoΓÉì
         libopenssl_sys-26e3a0c30580cfb6.rlib(liblegacy-lib-mdc2_prov.obj) : warning LNK4099: PDB 'ossl_static.pdb' was not found with 'libopenssl_sys-26e3a0c30580cfb6.rlib(liblegacy-lib-mdc2_prov.obj)' or at 'C:\Users\Shehr\work\MedScale-074\target\debug\deps\ossl_static.pdb'; linking object as if no debug infoΓÉì
         libopenssl_sys-26e3a0c30580cfb6.rlib(liblegacy-lib-wp_prov.obj) : warning LNK4099: PDB 'ossl_static.pdb' was not found with 'libopenssl_sys-26e3a0c30580cfb6.rlib(liblegacy-lib-wp_prov.obj)' or at 'C:\Users\Shehr\work\MedScale-074\target\debug\deps\ossl_static.pdb'; linking object as if no debug infoΓÉì
         libopenssl_sys-26e3a0c30580cfb6.rlib(liblegacy-lib-cipher_blowfish.obj) : warning LNK4099: PDB 'ossl_static.pdb' was not found with 'libopenssl_sys-26e3a0c30580cfb6.rlib(liblegacy-lib-cipher_blowfish.obj)' or at 'C:\Users\Shehr\work\MedScale-074\target\debug\deps\ossl_static.pdb'; linking object as if no debug infoΓÉì
         libopenssl_sys-26e3a0c30580cfb6.rlib(liblegacy-lib-cipher_cast5.obj) : warning LNK4099: PDB 'ossl_static.pdb' was not found with 'libopenssl_sys-26e3a0c30580cfb6.rlib(liblegacy-lib-cipher_cast5.obj)' or at 'C:\Users\Shehr\work\MedScale-074\target\debug\deps\ossl_static.pdb'; linking object as if no debug infoΓÉì
         libopenssl_sys-26e3a0c30580cfb6.rlib(liblegacy-lib-cipher_rc2.obj) : warning LNK4099: PDB 'ossl_static.pdb' was not found with 'libopenssl_sys-26e3a0c30580cfb6.rlib(liblegacy-lib-cipher_rc2.obj)' or at 'C:\Users\Shehr\work\MedScale-074\target\debug\deps\ossl_static.pdb'; linking object as if no debug infoΓÉì
         libopenssl_sys-26e3a0c30580cfb6.rlib(liblegacy-lib-cipher_desx.obj) : warning LNK4099: PDB 'ossl_static.pdb' was not found with 'libopenssl_sys-26e3a0c30580cfb6.rlib(liblegacy-lib-cipher_desx.obj)' or at 'C:\Users\Shehr\work\MedScale-074\target\debug\deps\ossl_static.pdb'; linking object as if no debug infoΓÉì
         libopenssl_sys-26e3a0c30580cfb6.rlib(liblegacy-lib-cipher_des.obj) : warning LNK4099: PDB 'ossl_static.pdb' was not found with 'libopenssl_sys-26e3a0c30580cfb6.rlib(liblegacy-lib-cipher_des.obj)' or at 'C:\Users\Shehr\work\MedScale-074\target\debug\deps\ossl_static.pdb'; linking object as if no debug infoΓÉì
         libopenssl_sys-26e3a0c30580cfb6.rlib(liblegacy-lib-cipher_rc4.obj) : warning LNK4099: PDB 'ossl_static.pdb' was not found with 'libopenssl_sys-26e3a0c30580cfb6.rlib(liblegacy-lib-cipher_rc4.obj)' or at 'C:\Users\Shehr\work\MedScale-074\target\debug\deps\ossl_static.pdb'; linking object as if no debug infoΓÉì
         libopenssl_sys-26e3a0c30580cfb6.rlib(liblegacy-lib-cipher_rc4_hmac_md5.obj) : warning LNK4099: PDB 'ossl_static.pdb' was not found with 'libopenssl_sys-26e3a0c30580cfb6.rlib(liblegacy-lib-cipher_rc4_hmac_md5.obj)' or at 'C:\Users\Shehr\work\MedScale-074\target\debug\deps\ossl_static.pdb'; linking object as if no debug infoΓÉì
         libopenssl_sys-26e3a0c30580cfb6.rlib(liblegacy-lib-pbkdf1.obj) : warning LNK4099: PDB 'ossl_static.pdb' was not found with 'libopenssl_sys-26e3a0c30580cfb6.rlib(liblegacy-lib-pbkdf1.obj)' or at 'C:\Users\Shehr\work\MedScale-074\target\debug\deps\ossl_static.pdb'; linking object as if no debug infoΓÉì
         libopenssl_sys-26e3a0c30580cfb6.rlib(liblegacy-lib-pvkkdf.obj) : warning LNK4099: PDB 'ossl_static.pdb' was not found with 'libopenssl_sys-26e3a0c30580cfb6.rlib(liblegacy-lib-pvkkdf.obj)' or at 'C:\Users\Shehr\work\MedScale-074\target\debug\deps\ossl_static.pdb'; linking object as if no debug infoΓÉì
         libopenssl_sys-26e3a0c30580cfb6.rlib(libcrypto-lib-hashfunc.obj) : warning LNK4099: PDB 'ossl_static.pdb' was not found with 'libopenssl_sys-26e3a0c30580cfb6.rlib(libcrypto-lib-hashfunc.obj)' or at 'C:\Users\Shehr\work\MedScale-074\target\debug\deps\ossl_static.pdb'; linking object as if no debug infoΓÉì
         libopenssl_sys-26e3a0c30580cfb6.rlib(libcrypto-lib-p12_utl.obj) : warning LNK4099: PDB 'ossl_static.pdb' was not found with 'libopenssl_sys-26e3a0c30580cfb6.rlib(libcrypto-lib-p12_utl.obj)' or at 'C:\Users\Shehr\work\MedScale-074\target\debug\deps\ossl_static.pdb'; linking object as if no debug infoΓÉì
         libopenssl_sys-26e3a0c30580cfb6.rlib(libcrypto-lib-asn1_gen.obj) : warning LNK4099: PDB 'ossl_static.pdb' was not found with 'libopenssl_sys-26e3a0c30580cfb6.rlib(libcrypto-lib-asn1_gen.obj)' or at 'C:\Users\Shehr\work\MedScale-074\target\debug\deps\ossl_static.pdb'; linking object as if no debug infoΓÉì
         libopenssl_sys-26e3a0c30580cfb6.rlib(libcrypto-lib-bn_recp.obj) : warning LNK4099: PDB 'ossl_static.pdb' was not found with 'libopenssl_sys-26e3a0c30580cfb6.rlib(libcrypto-lib-bn_recp.obj)' or at 'C:\Users\Shehr\work\MedScale-074\target\debug\deps\ossl_static.pdb'; linking object as if no debug infoΓÉì
         libopenssl_sys-26e3a0c30580cfb6.rlib(libcrypto-lib-rsaz_exp.obj) : warning LNK4099: PDB 'ossl_static.pdb' was not found with 'libopenssl_sys-26e3a0c30580cfb6.rlib(libcrypto-lib-rsaz_exp.obj)' or at 'C:\Users\Shehr\work\MedScale-074\target\debug\deps\ossl_static.pdb'; linking object as if no debug infoΓÉì
         libopenssl_sys-26e3a0c30580cfb6.rlib(libcrypto-lib-rsaz_exp_x2.obj) : warning LNK4099: PDB 'ossl_static.pdb' was not found with 'libopenssl_sys-26e3a0c30580cfb6.rlib(libcrypto-lib-rsaz_exp_x2.obj)' or at 'C:\Users\Shehr\work\MedScale-074\target\debug\deps\ossl_static.pdb'; linking object as if no debug infoΓÉì
         libopenssl_sys-26e3a0c30580cfb6.rlib(libcrypto-lib-ffc_key_validate.obj) : warning LNK4099: PDB 'ossl_static.pdb' was not found with 'libopenssl_sys-26e3a0c30580cfb6.rlib(libcrypto-lib-ffc_key_validate.obj)' or at 'C:\Users\Shehr\work\MedScale-074\target\debug\deps\ossl_static.pdb'; linking object as if no debug infoΓÉì
         libopenssl_sys-26e3a0c30580cfb6.rlib(libcrypto-lib-a_i2d_fp.obj) : warning LNK4099: PDB 'ossl_static.pdb' was not found with 'libopenssl_sys-26e3a0c30580cfb6.rlib(libcrypto-lib-a_i2d_fp.obj)' or at 'C:\Users\Shehr\work\MedScale-074\target\debug\deps\ossl_static.pdb'; linking object as if no debug infoΓÉì
         libopenssl_sys-26e3a0c30580cfb6.rlib(libcrypto-lib-p12_decr.obj) : warning LNK4099: PDB 'ossl_static.pdb' was not found with 'libopenssl_sys-26e3a0c30580cfb6.rlib(libcrypto-lib-p12_decr.obj)' or at 'C:\Users\Shehr\work\MedScale-074\target\debug\deps\ossl_static.pdb'; linking object as if no debug infoΓÉì
         libopenssl_sys-26e3a0c30580cfb6.rlib(libcrypto-lib-evp_key.obj) : warning LNK4099: PDB 'ossl_static.pdb' was not found with 'libopenssl_sys-26e3a0c30580cfb6.rlib(libcrypto-lib-evp_key.obj)' or at 'C:\Users\Shehr\work\MedScale-074\target\debug\deps\ossl_static.pdb'; linking object as if no debug infoΓÉì
         libopenssl_sys-26e3a0c30580cfb6.rlib(libcrypto-lib-encode.obj) : warning LNK4099: PDB 'ossl_static.pdb' was not found with 'libopenssl_sys-26e3a0c30580cfb6.rlib(libcrypto-lib-encode.obj)' or at 'C:\Users\Shehr\work\MedScale-074\target\debug\deps\ossl_static.pdb'; linking object as if no debug infoΓÉì
         libopenssl_sys-26e3a0c30580cfb6.rlib(libcrypto-lib-pem_oth.obj) : warning LNK4099: PDB 'ossl_static.pdb' was not found with 'libopenssl_sys-26e3a0c30580cfb6.rlib(libcrypto-lib-pem_oth.obj)' or at 'C:\Users\Shehr\work\MedScale-074\target\debug\deps\ossl_static.pdb'; linking object as if no debug infoΓÉì
         libopenssl_sys-26e3a0c30580cfb6.rlib(libcrypto-lib-p12_p8e.obj) : warning LNK4099: PDB 'ossl_static.pdb' was not found with 'libopenssl_sys-26e3a0c30580cfb6.rlib(libcrypto-lib-p12_p8e.obj)' or at 'C:\Users\Shehr\work\MedScale-074\target\debug\deps\ossl_static.pdb'; linking object as if no debug infoΓÉì
         libopenssl_sys-26e3a0c30580cfb6.rlib(libcrypto-lib-x_val.obj) : warning LNK4099: PDB 'ossl_static.pdb' was not found with 'libopenssl_sys-26e3a0c30580cfb6.rlib(libcrypto-lib-x_val.obj)' or at 'C:\Users\Shehr\work\MedScale-074\target\debug\deps\ossl_static.pdb'; linking object as if no debug infoΓÉì
         libopenssl_sys-26e3a0c30580cfb6.rlib(libcrypto-lib-x_exten.obj) : warning LNK4099: PDB 'ossl_static.pdb' was not found with 'libopenssl_sys-26e3a0c30580cfb6.rlib(libcrypto-lib-x_exten.obj)' or at 'C:\Users\Shehr\work\MedScale-074\target\debug\deps\ossl_static.pdb'; linking object as if no debug infoΓÉì
         libopenssl_sys-26e3a0c30580cfb6.rlib(libcrypto-lib-x_x509a.obj) : warning LNK4099: PDB 'ossl_static.pdb' was not found with 'libopenssl_sys-26e3a0c30580cfb6.rlib(libcrypto-lib-x_x509a.obj)' or at 'C:\Users\Shehr\work\MedScale-074\target\debug\deps\ossl_static.pdb'; linking object as if no debug infoΓÉì
         libopenssl_sys-26e3a0c30580cfb6.rlib(libcrypto-lib-v3_akeya.obj) : warning LNK4099: PDB 'ossl_static.pdb' was not found with 'libopenssl_sys-26e3a0c30580cfb6.rlib(libcrypto-lib-v3_akeya.obj)' or at 'C:\Users\Shehr\work\MedScale-074\target\debug\deps\ossl_static.pdb'; linking object as if no debug infoΓÉì
         libopenssl_sys-26e3a0c30580cfb6.rlib(libcrypto-lib-v3_crld.obj) : warning LNK4099: PDB 'ossl_static.pdb' was not found with 'libopenssl_sys-26e3a0c30580cfb6.rlib(libcrypto-lib-v3_crld.obj)' or at 'C:\Users\Shehr\work\MedScale-074\target\debug\deps\ossl_static.pdb'; linking object as if no debug infoΓÉì
         libopenssl_sys-26e3a0c30580cfb6.rlib(libcrypto-lib-pcy_cache.obj) : warning LNK4099: PDB 'ossl_static.pdb' was not found with 'libopenssl_sys-26e3a0c30580cfb6.rlib(libcrypto-lib-pcy_cache.obj)' or at 'C:\Users\Shehr\work\MedScale-074\target\debug\deps\ossl_static.pdb'; linking object as if no debug infoΓÉì
         libopenssl_sys-26e3a0c30580cfb6.rlib(libcrypto-lib-a_verify.obj) : warning LNK4099: PDB 'ossl_static.pdb' was not found with 'libopenssl_sys-26e3a0c30580cfb6.rlib(libcrypto-lib-a_verify.obj)' or at 'C:\Users\Shehr\work\MedScale-074\target\debug\deps\ossl_static.pdb'; linking object as if no debug infoΓÉì
         libopenssl_sys-26e3a0c30580cfb6.rlib(libcrypto-lib-err_prn.obj) : warning LNK4099: PDB 'ossl_static.pdb' was not found with 'libopenssl_sys-26e3a0c30580cfb6.rlib(libcrypto-lib-err_prn.obj)' or at 'C:\Users\Shehr\work\MedScale-074\target\debug\deps\ossl_static.pdb'; linking object as if no debug infoΓÉì
         libopenssl_sys-26e3a0c30580cfb6.rlib(libcrypto-lib-x509_txt.obj) : warning LNK4099: PDB 'ossl_static.pdb' was not found with 'libopenssl_sys-26e3a0c30580cfb6.rlib(libcrypto-lib-x509_txt.obj)' or at 'C:\Users\Shehr\work\MedScale-074\target\debug\deps\ossl_static.pdb'; linking object as if no debug infoΓÉì
         libopenssl_sys-26e3a0c30580cfb6.rlib(libcrypto-lib-v3_prn.obj) : warning LNK4099: PDB 'ossl_static.pdb' was not found with 'libopenssl_sys-26e3a0c30580cfb6.rlib(libcrypto-lib-v3_prn.obj)' or at 'C:\Users\Shehr\work\MedScale-074\target\debug\deps\ossl_static.pdb'; linking object as if no debug infoΓÉì
         libopenssl_sys-26e3a0c30580cfb6.rlib(libcrypto-lib-x509_obj.obj) : warning LNK4099: PDB 'ossl_static.pdb' was not found with 'libopenssl_sys-26e3a0c30580cfb6.rlib(libcrypto-lib-x509_obj.obj)' or at 'C:\Users\Shehr\work\MedScale-074\target\debug\deps\ossl_static.pdb'; linking object as if no debug infoΓÉì
         libopenssl_sys-26e3a0c30580cfb6.rlib(libcrypto-lib-o_time.obj) : warning LNK4099: PDB 'ossl_static.pdb' was not found with 'libopenssl_sys-26e3a0c30580cfb6.rlib(libcrypto-lib-o_time.obj)' or at 'C:\Users\Shehr\work\MedScale-074\target\debug\deps\ossl_static.pdb'; linking object as if no debug infoΓÉì
         libopenssl_sys-26e3a0c30580cfb6.rlib(libcrypto-lib-pcy_lib.obj) : warning LNK4099: PDB 'ossl_static.pdb' was not found with 'libopenssl_sys-26e3a0c30580cfb6.rlib(libcrypto-lib-pcy_lib.obj)' or at 'C:\Users\Shehr\work\MedScale-074\target\debug\deps\ossl_static.pdb'; linking object as if no debug infoΓÉì
         libopenssl_sys-26e3a0c30580cfb6.rlib(libcrypto-lib-v3_cpols.obj) : warning LNK4099: PDB 'ossl_static.pdb' was not found with 'libopenssl_sys-26e3a0c30580cfb6.rlib(libcrypto-lib-v3_cpols.obj)' or at 'C:\Users\Shehr\work\MedScale-074\target\debug\deps\ossl_static.pdb'; linking object as if no debug infoΓÉì
         libopenssl_sys-26e3a0c30580cfb6.rlib(libcrypto-lib-pcy_data.obj) : warning LNK4099: PDB 'ossl_static.pdb' was not found with 'libopenssl_sys-26e3a0c30580cfb6.rlib(libcrypto-lib-pcy_data.obj)' or at 'C:\Users\Shehr\work\MedScale-074\target\debug\deps\ossl_static.pdb'; linking object as if no debug infoΓÉì
         libopenssl_sys-26e3a0c30580cfb6.rlib(libcrypto-lib-pcy_node.obj) : warning LNK4099: PDB 'ossl_static.pdb' was not found with 'libopenssl_sys-26e3a0c30580cfb6.rlib(libcrypto-lib-pcy_node.obj)' or at 'C:\Users\Shehr\work\MedScale-074\target\debug\deps\ossl_static.pdb'; linking object as if no debug infoΓÉì
         libopenssl_sys-26e3a0c30580cfb6.rlib(libcrypto-lib-a_sign.obj) : warning LNK4099: PDB 'ossl_static.pdb' was not found with 'libopenssl_sys-26e3a0c30580cfb6.rlib(libcrypto-lib-a_sign.obj)' or at 'C:\Users\Shehr\work\MedScale-074\target\debug\deps\ossl_static.pdb'; linking object as if no debug infoΓÉì
         libopenssl_sys-26e3a0c30580cfb6.rlib(libcrypto-lib-a_d2i_fp.obj) : warning LNK4099: PDB 'ossl_static.pdb' was not found with 'libopenssl_sys-26e3a0c30580cfb6.rlib(libcrypto-lib-a_d2i_fp.obj)' or at 'C:\Users\Shehr\work\MedScale-074\target\debug\deps\ossl_static.pdb'; linking object as if no debug infoΓÉì
         libopenssl_sys-26e3a0c30580cfb6.rlib(libcrypto-lib-pk7_asn1.obj) : warning LNK4099: PDB 'ossl_static.pdb' was not found with 'libopenssl_sys-26e3a0c30580cfb6.rlib(libcrypto-lib-pk7_asn1.obj)' or at 'C:\Users\Shehr\work\MedScale-074\target\debug\deps\ossl_static.pdb'; linking object as if no debug infoΓÉì
         libopenssl_sys-26e3a0c30580cfb6.rlib(libcrypto-lib-http_client.obj) : warning LNK4099: PDB 'ossl_static.pdb' was not found with 'libopenssl_sys-26e3a0c30580cfb6.rlib(libcrypto-lib-http_client.obj)' or at 'C:\Users\Shehr\work\MedScale-074\target\debug\deps\ossl_static.pdb'; linking object as if no debug infoΓÉì
         libopenssl_sys-26e3a0c30580cfb6.rlib(libcrypto-lib-x_req.obj) : warning LNK4099: PDB 'ossl_static.pdb' was not found with 'libopenssl_sys-26e3a0c30580cfb6.rlib(libcrypto-lib-x_req.obj)' or at 'C:\Users\Shehr\work\MedScale-074\target\debug\deps\ossl_static.pdb'; linking object as if no debug infoΓÉì
         libopenssl_sys-26e3a0c30580cfb6.rlib(libcrypto-lib-x_spki.obj) : warning LNK4099: PDB 'ossl_static.pdb' was not found with 'libopenssl_sys-26e3a0c30580cfb6.rlib(libcrypto-lib-x_spki.obj)' or at 'C:\Users\Shehr\work\MedScale-074\target\debug\deps\ossl_static.pdb'; linking object as if no debug infoΓÉì
         libopenssl_sys-26e3a0c30580cfb6.rlib(libcrypto-lib-a_digest.obj) : warning LNK4099: PDB 'ossl_static.pdb' was not found with 'libopenssl_sys-26e3a0c30580cfb6.rlib(libcrypto-lib-a_digest.obj)' or at 'C:\Users\Shehr\work\MedScale-074\target\debug\deps\ossl_static.pdb'; linking object as if no debug infoΓÉì
         libopenssl_sys-26e3a0c30580cfb6.rlib(libcrypto-lib-x509_req.obj) : warning LNK4099: PDB 'ossl_static.pdb' was not found with 'libopenssl_sys-26e3a0c30580cfb6.rlib(libcrypto-lib-x509_req.obj)' or at 'C:\Users\Shehr\work\MedScale-074\target\debug\deps\ossl_static.pdb'; linking object as if no debug infoΓÉì
         libopenssl_sys-26e3a0c30580cfb6.rlib(libcrypto-lib-x509_acert.obj) : warning LNK4099: PDB 'ossl_static.pdb' was not found with 'libopenssl_sys-26e3a0c30580cfb6.rlib(libcrypto-lib-x509_acert.obj)' or at 'C:\Users\Shehr\work\MedScale-074\target\debug\deps\ossl_static.pdb'; linking object as if no debug infoΓÉì
         libopenssl_sys-26e3a0c30580cfb6.rlib(libcrypto-lib-pk7_lib.obj) : warning LNK4099: PDB 'ossl_static.pdb' was not found with 'libopenssl_sys-26e3a0c30580cfb6.rlib(libcrypto-lib-pk7_lib.obj)' or at 'C:\Users\Shehr\work\MedScale-074\target\debug\deps\ossl_static.pdb'; linking object as if no debug infoΓÉì
         libopenssl_sys-26e3a0c30580cfb6.rlib(libcrypto-lib-a_print.obj) : warning LNK4099: PDB 'ossl_static.pdb' was not found with 'libopenssl_sys-26e3a0c30580cfb6.rlib(libcrypto-lib-a_print.obj)' or at 'C:\Users\Shehr\work\MedScale-074\target\debug\deps\ossl_static.pdb'; linking object as if no debug infoΓÉì
         libopenssl_sys-26e3a0c30580cfb6.rlib(libcrypto-lib-v3_lib.obj) : warning LNK4099: PDB 'ossl_static.pdb' was not found with 'libopenssl_sys-26e3a0c30580cfb6.rlib(libcrypto-lib-v3_lib.obj)' or at 'C:\Users\Shehr\work\MedScale-074\target\debug\deps\ossl_static.pdb'; linking object as if no debug infoΓÉì
         libopenssl_sys-26e3a0c30580cfb6.rlib(libcrypto-lib-http_lib.obj) : warning LNK4099: PDB 'ossl_static.pdb' was not found with 'libopenssl_sys-26e3a0c30580cfb6.rlib(libcrypto-lib-http_lib.obj)' or at 'C:\Users\Shehr\work\MedScale-074\target\debug\deps\ossl_static.pdb'; linking object as if no debug infoΓÉì
         libopenssl_sys-26e3a0c30580cfb6.rlib(libcrypto-lib-v3_san.obj) : warning LNK4099: PDB 'ossl_static.pdb' was not found with 'libopenssl_sys-26e3a0c30580cfb6.rlib(libcrypto-lib-v3_san.obj)' or at 'C:\Users\Shehr\work\MedScale-074\target\debug\deps\ossl_static.pdb'; linking object as if no debug infoΓÉì
         libopenssl_sys-26e3a0c30580cfb6.rlib(libcrypto-lib-punycode.obj) : warning LNK4099: PDB 'ossl_static.pdb' was not found with 'libopenssl_sys-26e3a0c30580cfb6.rlib(libcrypto-lib-punycode.obj)' or at 'C:\Users\Shehr\work\MedScale-074\target\debug\deps\ossl_static.pdb'; linking object as if no debug infoΓÉì
         libopenssl_sys-26e3a0c30580cfb6.rlib(libcrypto-lib-v3_pcia.obj) : warning LNK4099: PDB 'ossl_static.pdb' was not found with 'libopenssl_sys-26e3a0c30580cfb6.rlib(libcrypto-lib-v3_pcia.obj)' or at 'C:\Users\Shehr\work\MedScale-074\target\debug\deps\ossl_static.pdb'; linking object as if no debug infoΓÉì
         libopenssl_sys-26e3a0c30580cfb6.rlib(libcrypto-lib-v3_bcons.obj) : warning LNK4099: PDB 'ossl_static.pdb' was not found with 'libopenssl_sys-26e3a0c30580cfb6.rlib(libcrypto-lib-v3_bcons.obj)' or at 'C:\Users\Shehr\work\MedScale-074\target\debug\deps\ossl_static.pdb'; linking object as if no debug infoΓÉì
         libopenssl_sys-26e3a0c30580cfb6.rlib(libcrypto-lib-v3_info.obj) : warning LNK4099: PDB 'ossl_static.pdb' was not found with 'libopenssl_sys-26e3a0c30580cfb6.rlib(libcrypto-lib-v3_info.obj)' or at 'C:\Users\Shehr\work\MedScale-074\target\debug\deps\ossl_static.pdb'; linking object as if no debug infoΓÉì
         libopenssl_sys-26e3a0c30580cfb6.rlib(libcrypto-lib-ecp_mont.obj) : warning LNK4099: PDB 'ossl_static.pdb' was not found with 'libopenssl_sys-26e3a0c30580cfb6.rlib(libcrypto-lib-ecp_mont.obj)' or at 'C:\Users\Shehr\work\MedScale-074\target\debug\deps\ossl_static.pdb'; linking object as if no debug infoΓÉì
         libopenssl_sys-26e3a0c30580cfb6.rlib(libcrypto-lib-ec2_smpl.obj) : warning LNK4099: PDB 'ossl_static.pdb' was not found with 'libopenssl_sys-26e3a0c30580cfb6.rlib(libcrypto-lib-ec2_smpl.obj)' or at 'C:\Users\Shehr\work\MedScale-074\target\debug\deps\ossl_static.pdb'; linking object as if no debug infoΓÉì
         libopenssl_sys-26e3a0c30580cfb6.rlib(libcrypto-lib-hpke_util.obj) : warning LNK4099: PDB 'ossl_static.pdb' was not found with 'libopenssl_sys-26e3a0c30580cfb6.rlib(libcrypto-lib-hpke_util.obj)' or at 'C:\Users\Shehr\work\MedScale-074\target\debug\deps\ossl_static.pdb'; linking object as if no debug infoΓÉì
         libopenssl_sys-26e3a0c30580cfb6.rlib(libdefault-lib-kem_util.obj) : warning LNK4099: PDB 'ossl_static.pdb' was not found with 'libopenssl_sys-26e3a0c30580cfb6.rlib(libdefault-lib-kem_util.obj)' or at 'C:\Users\Shehr\work\MedScale-074\target\debug\deps\ossl_static.pdb'; linking object as if no debug infoΓÉì
         libopenssl_sys-26e3a0c30580cfb6.rlib(libcrypto-lib-x_bignum.obj) : warning LNK4099: PDB 'ossl_static.pdb' was not found with 'libopenssl_sys-26e3a0c30580cfb6.rlib(libcrypto-lib-x_bignum.obj)' or at 'C:\Users\Shehr\work\MedScale-074\target\debug\deps\ossl_static.pdb'; linking object as if no debug infoΓÉì
         libopenssl_sys-26e3a0c30580cfb6.rlib(libcrypto-lib-bn_rsa_fips186_4.obj) : warning LNK4099: PDB 'ossl_static.pdb' was not found with 'libopenssl_sys-26e3a0c30580cfb6.rlib(libcrypto-lib-bn_rsa_fips186_4.obj)' or at 'C:\Users\Shehr\work\MedScale-074\target\debug\deps\ossl_static.pdb'; linking object as if no debug infoΓÉì
         libopenssl_sys-26e3a0c30580cfb6.rlib(libcrypto-lib-ec_check.obj) : warning LNK4099: PDB 'ossl_static.pdb' was not found with 'libopenssl_sys-26e3a0c30580cfb6.rlib(libcrypto-lib-ec_check.obj)' or at 'C:\Users\Shehr\work\MedScale-074\target\debug\deps\ossl_static.pdb'; linking object as if no debug infoΓÉì
         libopenssl_sys-26e3a0c30580cfb6.rlib(libcrypto-lib-eck_prn.obj) : warning LNK4099: PDB 'ossl_static.pdb' was not found with 'libopenssl_sys-26e3a0c30580cfb6.rlib(libcrypto-lib-eck_prn.obj)' or at 'C:\Users\Shehr\work\MedScale-074\target\debug\deps\ossl_static.pdb'; linking object as if no debug infoΓÉì
         libopenssl_sys-26e3a0c30580cfb6.rlib(libcrypto-lib-a_utf8.obj) : warning LNK4099: PDB 'ossl_static.pdb' was not found with 'libopenssl_sys-26e3a0c30580cfb6.rlib(libcrypto-lib-a_utf8.obj)' or at 'C:\Users\Shehr\work\MedScale-074\target\debug\deps\ossl_static.pdb'; linking object as if no debug infoΓÉì
         libopenssl_sys-26e3a0c30580cfb6.rlib(libcrypto-lib-a_mbstr.obj) : warning LNK4099: PDB 'ossl_static.pdb' was not found with 'libopenssl_sys-26e3a0c30580cfb6.rlib(libcrypto-lib-a_mbstr.obj)' or at 'C:\Users\Shehr\work\MedScale-074\target\debug\deps\ossl_static.pdb'; linking object as if no debug infoΓÉì
         libopenssl_sys-26e3a0c30580cfb6.rlib(libcrypto-lib-bn_kron.obj) : warning LNK4099: PDB 'ossl_static.pdb' was not found with 'libopenssl_sys-26e3a0c30580cfb6.rlib(libcrypto-lib-bn_kron.obj)' or at 'C:\Users\Shehr\work\MedScale-074\target\debug\deps\ossl_static.pdb'; linking object as if no debug infoΓÉì
         libopenssl_sys-26e3a0c30580cfb6.rlib(libcrypto-lib-bn_sqrt.obj) : warning LNK4099: PDB 'ossl_static.pdb' was not found with 'libopenssl_sys-26e3a0c30580cfb6.rlib(libcrypto-lib-bn_sqrt.obj)' or at 'C:\Users\Shehr\work\MedScale-074\target\debug\deps\ossl_static.pdb'; linking object as if no debug infoΓÉì
         libopenssl_sys-26e3a0c30580cfb6.rlib(libcrypto-lib-bn_gf2m.obj) : warning LNK4099: PDB 'ossl_static.pdb' was not found with 'libopenssl_sys-26e3a0c30580cfb6.rlib(libcrypto-lib-bn_gf2m.obj)' or at 'C:\Users\Shehr\work\MedScale-074\target\debug\deps\ossl_static.pdb'; linking object as if no debug infoΓÉì
         libopenssl_sys-26e3a0c30580cfb6.rlib(libcrypto-lib-ui_openssl.obj) : warning LNK4099: PDB 'ossl_static.pdb' was not found with 'libopenssl_sys-26e3a0c30580cfb6.rlib(libcrypto-lib-ui_openssl.obj)' or at 'C:\Users\Shehr\work\MedScale-074\target\debug\deps\ossl_static.pdb'; linking object as if no debug infoΓÉì
         libopenssl_sys-26e3a0c30580cfb6.rlib(libcrypto-lib-ui_null.obj) : warning LNK4099: PDB 'ossl_static.pdb' was not found with 'libopenssl_sys-26e3a0c30580cfb6.rlib(libcrypto-lib-ui_null.obj)' or at 'C:\Users\Shehr\work\MedScale-074\target\debug\deps\ossl_static.pdb'; linking object as if no debug infoΓÉì
         libopenssl_sys-26e3a0c30580cfb6.rlib(libcommon-lib-digestcommon.obj) : warning LNK4099: PDB 'ossl_static.pdb' was not found with 'libopenssl_sys-26e3a0c30580cfb6.rlib(libcommon-lib-digestcommon.obj)' or at 'C:\Users\Shehr\work\MedScale-074\target\debug\deps\ossl_static.pdb'; linking object as if no debug infoΓÉì
         libopenssl_sys-26e3a0c30580cfb6.rlib(libcommon-lib-ciphercommon.obj) : warning LNK4099: PDB 'ossl_static.pdb' was not found with 'libopenssl_sys-26e3a0c30580cfb6.rlib(libcommon-lib-ciphercommon.obj)' or at 'C:\Users\Shehr\work\MedScale-074\target\debug\deps\ossl_static.pdb'; linking object as if no debug infoΓÉì
         libopenssl_sys-26e3a0c30580cfb6.rlib(libdefault-lib-cipher_cts.obj) : warning LNK4099: PDB 'ossl_static.pdb' was not found with 'libopenssl_sys-26e3a0c30580cfb6.rlib(libdefault-lib-cipher_cts.obj)' or at 'C:\Users\Shehr\work\MedScale-074\target\debug\deps\ossl_static.pdb'; linking object as if no debug infoΓÉì
         libopenssl_sys-26e3a0c30580cfb6.rlib(libdefault-lib-cipher_aes_hw.obj) : warning LNK4099: PDB 'ossl_static.pdb' was not found with 'libopenssl_sys-26e3a0c30580cfb6.rlib(libdefault-lib-cipher_aes_hw.obj)' or at 'C:\Users\Shehr\work\MedScale-074\target\debug\deps\ossl_static.pdb'; linking object as if no debug infoΓÉì
         libopenssl_sys-26e3a0c30580cfb6.rlib(libdefault-lib-cipher_aes_cfb_hw.obj) : warning LNK4099: PDB 'ossl_static.pdb' was not found with 'libopenssl_sys-26e3a0c30580cfb6.rlib(libdefault-lib-cipher_aes_cfb_hw.obj)' or at 'C:\Users\Shehr\work\MedScale-074\target\debug\deps\ossl_static.pdb'; linking object as if no debug infoΓÉì
         libopenssl_sys-26e3a0c30580cfb6.rlib(libdefault-lib-cipher_aes_xts_hw.obj) : warning LNK4099: PDB 'ossl_static.pdb' was not found with 'libopenssl_sys-26e3a0c30580cfb6.rlib(libdefault-lib-cipher_aes_xts_hw.obj)' or at 'C:\Users\Shehr\work\MedScale-074\target\debug\deps\ossl_static.pdb'; linking object as if no debug infoΓÉì
         libopenssl_sys-26e3a0c30580cfb6.rlib(libdefault-lib-cipher_aes_xts_fips.obj) : warning LNK4099: PDB 'ossl_static.pdb' was not found with 'libopenssl_sys-26e3a0c30580cfb6.rlib(libdefault-lib-cipher_aes_xts_fips.obj)' or at 'C:\Users\Shehr\work\MedScale-074\target\debug\deps\ossl_static.pdb'; linking object as if no debug infoΓÉì
         libopenssl_sys-26e3a0c30580cfb6.rlib(libcommon-lib-ciphercommon_block.obj) : warning LNK4099: PDB 'ossl_static.pdb' was not found with 'libopenssl_sys-26e3a0c30580cfb6.rlib(libcommon-lib-ciphercommon_block.obj)' or at 'C:\Users\Shehr\work\MedScale-074\target\debug\deps\ossl_static.pdb'; linking object as if no debug infoΓÉì
         libopenssl_sys-26e3a0c30580cfb6.rlib(libdefault-lib-cipher_aes_ocb_hw.obj) : warning LNK4099: PDB 'ossl_static.pdb' was not found with 'libopenssl_sys-26e3a0c30580cfb6.rlib(libdefault-lib-cipher_aes_ocb_hw.obj)' or at 'C:\Users\Shehr\work\MedScale-074\target\debug\deps\ossl_static.pdb'; linking object as if no debug infoΓÉì
         libopenssl_sys-26e3a0c30580cfb6.rlib(libcommon-lib-ciphercommon_gcm.obj) : warning LNK4099: PDB 'ossl_static.pdb' was not found with 'libopenssl_sys-26e3a0c30580cfb6.rlib(libcommon-lib-ciphercommon_gcm.obj)' or at 'C:\Users\Shehr\work\MedScale-074\target\debug\deps\ossl_static.pdb'; linking object as if no debug infoΓÉì
         libopenssl_sys-26e3a0c30580cfb6.rlib(libdefault-lib-cipher_aes_gcm_hw.obj) : warning LNK4099: PDB 'ossl_static.pdb' was not found with 'libopenssl_sys-26e3a0c30580cfb6.rlib(libdefault-lib-cipher_aes_gcm_hw.obj)' or at 'C:\Users\Shehr\work\MedScale-074\target\debug\deps\ossl_static.pdb'; linking object as if no debug infoΓÉì
         libopenssl_sys-26e3a0c30580cfb6.rlib(libcommon-lib-ciphercommon_ccm.obj) : warning LNK4099: PDB 'ossl_static.pdb' was not found with 'libopenssl_sys-26e3a0c30580cfb6.rlib(libcommon-lib-ciphercommon_ccm.obj)' or at 'C:\Users\Shehr\work\MedScale-074\target\debug\deps\ossl_static.pdb'; linking object as if no debug infoΓÉì
         libopenssl_sys-26e3a0c30580cfb6.rlib(libdefault-lib-cipher_aes_ccm_hw.obj) : warning LNK4099: PDB 'ossl_static.pdb' was not found with 'libopenssl_sys-26e3a0c30580cfb6.rlib(libdefault-lib-cipher_aes_ccm_hw.obj)' or at 'C:\Users\Shehr\work\MedScale-074\target\debug\deps\ossl_static.pdb'; linking object as if no debug infoΓÉì
         libopenssl_sys-26e3a0c30580cfb6.rlib(libdefault-lib-cipher_aria_gcm_hw.obj) : warning LNK4099: PDB 'ossl_static.pdb' was not found with 'libopenssl_sys-26e3a0c30580cfb6.rlib(libdefault-lib-cipher_aria_gcm_hw.obj)' or at 'C:\Users\Shehr\work\MedScale-074\target\debug\deps\ossl_static.pdb'; linking object as if no debug infoΓÉì
         libopenssl_sys-26e3a0c30580cfb6.rlib(libdefault-lib-cipher_aria_ccm_hw.obj) : warning LNK4099: PDB 'ossl_static.pdb' was not found with 'libopenssl_sys-26e3a0c30580cfb6.rlib(libdefault-lib-cipher_aria_ccm_hw.obj)' or at 'C:\Users\Shehr\work\MedScale-074\target\debug\deps\ossl_static.pdb'; linking object as if no debug infoΓÉì
         libopenssl_sys-26e3a0c30580cfb6.rlib(libdefault-lib-cipher_aria_hw.obj) : warning LNK4099: PDB 'ossl_static.pdb' was not found with 'libopenssl_sys-26e3a0c30580cfb6.rlib(libdefault-lib-cipher_aria_hw.obj)' or at 'C:\Users\Shehr\work\MedScale-074\target\debug\deps\ossl_static.pdb'; linking object as if no debug infoΓÉì
         libopenssl_sys-26e3a0c30580cfb6.rlib(libdefault-lib-cipher_sm4_gcm_hw.obj) : warning LNK4099: PDB 'ossl_static.pdb' was not found with 'libopenssl_sys-26e3a0c30580cfb6.rlib(libdefault-lib-cipher_sm4_gcm_hw.obj)' or at 'C:\Users\Shehr\work\MedScale-074\target\debug\deps\ossl_static.pdb'; linking object as if no debug infoΓÉì
         libopenssl_sys-26e3a0c30580cfb6.rlib(libdefault-lib-cipher_sm4_ccm_hw.obj) : warning LNK4099: PDB 'ossl_static.pdb' was not found with 'libopenssl_sys-26e3a0c30580cfb6.rlib(libdefault-lib-cipher_sm4_ccm_hw.obj)' or at 'C:\Users\Shehr\work\MedScale-074\target\debug\deps\ossl_static.pdb'; linking object as if no debug infoΓÉì
         libopenssl_sys-26e3a0c30580cfb6.rlib(libdefault-lib-cipher_sm4_hw.obj) : warning LNK4099: PDB 'ossl_static.pdb' was not found with 'libopenssl_sys-26e3a0c30580cfb6.rlib(libdefault-lib-cipher_sm4_hw.obj)' or at 'C:\Users\Shehr\work\MedScale-074\target\debug\deps\ossl_static.pdb'; linking object as if no debug infoΓÉì
         libopenssl_sys-26e3a0c30580cfb6.rlib(libcrypto-lib-xts128gb.obj) : warning LNK4099: PDB 'ossl_static.pdb' was not found with 'libopenssl_sys-26e3a0c30580cfb6.rlib(libcrypto-lib-xts128gb.obj)' or at 'C:\Users\Shehr\work\MedScale-074\target\debug\deps\ossl_static.pdb'; linking object as if no debug infoΓÉì
         libopenssl_sys-26e3a0c30580cfb6.rlib(libdefault-lib-cipher_sm4_xts_hw.obj) : warning LNK4099: PDB 'ossl_static.pdb' was not found with 'libopenssl_sys-26e3a0c30580cfb6.rlib(libdefault-lib-cipher_sm4_xts_hw.obj)' or at 'C:\Users\Shehr\work\MedScale-074\target\debug\deps\ossl_static.pdb'; linking object as if no debug infoΓÉì
         libopenssl_sys-26e3a0c30580cfb6.rlib(libdefault-lib-cipher_tdes_common.obj) : warning LNK4099: PDB 'ossl_static.pdb' was not found with 'libopenssl_sys-26e3a0c30580cfb6.rlib(libdefault-lib-cipher_tdes_common.obj)' or at 'C:\Users\Shehr\work\MedScale-074\target\debug\deps\ossl_static.pdb'; linking object as if no debug infoΓÉì
         libopenssl_sys-26e3a0c30580cfb6.rlib(libdefault-lib-cipher_tdes_hw.obj) : warning LNK4099: PDB 'ossl_static.pdb' was not found with 'libopenssl_sys-26e3a0c30580cfb6.rlib(libdefault-lib-cipher_tdes_hw.obj)' or at 'C:\Users\Shehr\work\MedScale-074\target\debug\deps\ossl_static.pdb'; linking object as if no debug infoΓÉì
         libopenssl_sys-26e3a0c30580cfb6.rlib(libdefault-lib-cipher_tdes_default_hw.obj) : warning LNK4099: PDB 'ossl_static.pdb' was not found with 'libopenssl_sys-26e3a0c30580cfb6.rlib(libdefault-lib-cipher_tdes_default_hw.obj)' or at 'C:\Users\Shehr\work\MedScale-074\target\debug\deps\ossl_static.pdb'; linking object as if no debug infoΓÉì
         libopenssl_sys-26e3a0c30580cfb6.rlib(libdefault-lib-cipher_tdes_wrap_hw.obj) : warning LNK4099: PDB 'ossl_static.pdb' was not found with 'libopenssl_sys-26e3a0c30580cfb6.rlib(libdefault-lib-cipher_tdes_wrap_hw.obj)' or at 'C:\Users\Shehr\work\MedScale-074\target\debug\deps\ossl_static.pdb'; linking object as if no debug infoΓÉì
         libopenssl_sys-26e3a0c30580cfb6.rlib(libdefault-lib-cipher_chacha20_hw.obj) : warning LNK4099: PDB 'ossl_static.pdb' was not found with 'libopenssl_sys-26e3a0c30580cfb6.rlib(libdefault-lib-cipher_chacha20_hw.obj)' or at 'C:\Users\Shehr\work\MedScale-074\target\debug\deps\ossl_static.pdb'; linking object as if no debug infoΓÉì
         libopenssl_sys-26e3a0c30580cfb6.rlib(libdefault-lib-cipher_chacha20_poly1305_hw.obj) : warning LNK4099: PDB 'ossl_static.pdb' was not found with 'libopenssl_sys-26e3a0c30580cfb6.rlib(libdefault-lib-cipher_chacha20_poly1305_hw.obj)' or at 'C:\Users\Shehr\work\MedScale-074\target\debug\deps\ossl_static.pdb'; linking object as if no debug infoΓÉì
         libopenssl_sys-26e3a0c30580cfb6.rlib(libdefault-lib-cipher_aes_siv_hw.obj) : warning LNK4099: PDB 'ossl_static.pdb' was not found with 'libopenssl_sys-26e3a0c30580cfb6.rlib(libdefault-lib-cipher_aes_siv_hw.obj)' or at 'C:\Users\Shehr\work\MedScale-074\target\debug\deps\ossl_static.pdb'; linking object as if no debug infoΓÉì
         libopenssl_sys-26e3a0c30580cfb6.rlib(libdefault-lib-cipher_aes_gcm_siv_hw.obj) : warning LNK4099: PDB 'ossl_static.pdb' was not found with 'libopenssl_sys-26e3a0c30580cfb6.rlib(libdefault-lib-cipher_aes_gcm_siv_hw.obj)' or at 'C:\Users\Shehr\work\MedScale-074\target\debug\deps\ossl_static.pdb'; linking object as if no debug infoΓÉì
         libopenssl_sys-26e3a0c30580cfb6.rlib(libcrypto-lib-cmac.obj) : warning LNK4099: PDB 'ossl_static.pdb' was not found with 'libopenssl_sys-26e3a0c30580cfb6.rlib(libcrypto-lib-cmac.obj)' or at 'C:\Users\Shehr\work\MedScale-074\target\debug\deps\ossl_static.pdb'; linking object as if no debug infoΓÉì
         libopenssl_sys-26e3a0c30580cfb6.rlib(libdefault-lib-ssl3_cbc.obj) : warning LNK4099: PDB 'ossl_static.pdb' was not found with 'libopenssl_sys-26e3a0c30580cfb6.rlib(libdefault-lib-ssl3_cbc.obj)' or at 'C:\Users\Shehr\work\MedScale-074\target\debug\deps\ossl_static.pdb'; linking object as if no debug infoΓÉì
         libopenssl_sys-26e3a0c30580cfb6.rlib(libcrypto-lib-siphash.obj) : warning LNK4099: PDB 'ossl_static.pdb' was not found with 'libopenssl_sys-26e3a0c30580cfb6.rlib(libcrypto-lib-siphash.obj)' or at 'C:\Users\Shehr\work\MedScale-074\target\debug\deps\ossl_static.pdb'; linking object as if no debug infoΓÉì
         libopenssl_sys-26e3a0c30580cfb6.rlib(libcommon-lib-der_wrap_gen.obj) : warning LNK4099: PDB 'ossl_static.pdb' was not found with 'libopenssl_sys-26e3a0c30580cfb6.rlib(libcommon-lib-der_wrap_gen.obj)' or at 'C:\Users\Shehr\work\MedScale-074\target\debug\deps\ossl_static.pdb'; linking object as if no debug infoΓÉì
         libopenssl_sys-26e3a0c30580cfb6.rlib(libcrypto-lib-der_writer.obj) : warning LNK4099: PDB 'ossl_static.pdb' was not found with 'libopenssl_sys-26e3a0c30580cfb6.rlib(libcrypto-lib-der_writer.obj)' or at 'C:\Users\Shehr\work\MedScale-074\target\debug\deps\ossl_static.pdb'; linking object as if no debug infoΓÉì
         libopenssl_sys-26e3a0c30580cfb6.rlib(libcrypto-lib-dsa_gen.obj) : warning LNK4099: PDB 'ossl_static.pdb' was not found with 'libopenssl_sys-26e3a0c30580cfb6.rlib(libcrypto-lib-dsa_gen.obj)' or at 'C:\Users\Shehr\work\MedScale-074\target\debug\deps\ossl_static.pdb'; linking object as if no debug infoΓÉì
         libopenssl_sys-26e3a0c30580cfb6.rlib(libcrypto-lib-dsa_check.obj) : warning LNK4099: PDB 'ossl_static.pdb' was not found with 'libopenssl_sys-26e3a0c30580cfb6.rlib(libcrypto-lib-dsa_check.obj)' or at 'C:\Users\Shehr\work\MedScale-074\target\debug\deps\ossl_static.pdb'; linking object as if no debug infoΓÉì
         libopenssl_sys-26e3a0c30580cfb6.rlib(libcrypto-lib-sm2_key.obj) : warning LNK4099: PDB 'ossl_static.pdb' was not found with 'libopenssl_sys-26e3a0c30580cfb6.rlib(libcrypto-lib-sm2_key.obj)' or at 'C:\Users\Shehr\work\MedScale-074\target\debug\deps\ossl_static.pdb'; linking object as if no debug infoΓÉì
         libopenssl_sys-26e3a0c30580cfb6.rlib(libcrypto-lib-ml_dsa_key.obj) : warning LNK4099: PDB 'ossl_static.pdb' was not found with 'libopenssl_sys-26e3a0c30580cfb6.rlib(libcrypto-lib-ml_dsa_key.obj)' or at 'C:\Users\Shehr\work\MedScale-074\target\debug\deps\ossl_static.pdb'; linking object as if no debug infoΓÉì
         libopenssl_sys-26e3a0c30580cfb6.rlib(libcrypto-lib-ml_dsa_encoders.obj) : warning LNK4099: PDB 'ossl_static.pdb' was not found with 'libopenssl_sys-26e3a0c30580cfb6.rlib(libcrypto-lib-ml_dsa_encoders.obj)' or at 'C:\Users\Shehr\work\MedScale-074\target\debug\deps\ossl_static.pdb'; linking object as if no debug infoΓÉì
         libopenssl_sys-26e3a0c30580cfb6.rlib(libcrypto-lib-ml_kem.obj) : warning LNK4099: PDB 'ossl_static.pdb' was not found with 'libopenssl_sys-26e3a0c30580cfb6.rlib(libcrypto-lib-ml_kem.obj)' or at 'C:\Users\Shehr\work\MedScale-074\target\debug\deps\ossl_static.pdb'; linking object as if no debug infoΓÉì
         libopenssl_sys-26e3a0c30580cfb6.rlib(libcommon-lib-der_hkdf_gen.obj) : warning LNK4099: PDB 'ossl_static.pdb' was not found with 'libopenssl_sys-26e3a0c30580cfb6.rlib(libcommon-lib-der_hkdf_gen.obj)' or at 'C:\Users\Shehr\work\MedScale-074\target\debug\deps\ossl_static.pdb'; linking object as if no debug infoΓÉì
         libopenssl_sys-26e3a0c30580cfb6.rlib(libcrypto-lib-slh_dsa_key.obj) : warning LNK4099: PDB 'ossl_static.pdb' was not found with 'libopenssl_sys-26e3a0c30580cfb6.rlib(libcrypto-lib-slh_dsa_key.obj)' or at 'C:\Users\Shehr\work\MedScale-074\target\debug\deps\ossl_static.pdb'; linking object as if no debug infoΓÉì
         libopenssl_sys-26e3a0c30580cfb6.rlib(libcrypto-lib-slh_dsa_hash_ctx.obj) : warning LNK4099: PDB 'ossl_static.pdb' was not found with 'libopenssl_sys-26e3a0c30580cfb6.rlib(libcrypto-lib-slh_dsa_hash_ctx.obj)' or at 'C:\Users\Shehr\work\MedScale-074\target\debug\deps\ossl_static.pdb'; linking object as if no debug infoΓÉì
         libopenssl_sys-26e3a0c30580cfb6.rlib(libdefault-lib-digest_to_nid.obj) : warning LNK4099: PDB 'ossl_static.pdb' was not found with 'libopenssl_sys-26e3a0c30580cfb6.rlib(libdefault-lib-digest_to_nid.obj)' or at 'C:\Users\Shehr\work\MedScale-074\target\debug\deps\ossl_static.pdb'; linking object as if no debug infoΓÉì
         libopenssl_sys-26e3a0c30580cfb6.rlib(libcommon-lib-der_dsa_sig.obj) : warning LNK4099: PDB 'ossl_static.pdb' was not found with 'libopenssl_sys-26e3a0c30580cfb6.rlib(libcommon-lib-der_dsa_sig.obj)' or at 'C:\Users\Shehr\work\MedScale-074\target\debug\deps\ossl_static.pdb'; linking object as if no debug infoΓÉì
         libopenssl_sys-26e3a0c30580cfb6.rlib(libcommon-lib-der_rsa_key.obj) : warning LNK4099: PDB 'ossl_static.pdb' was not found with 'libopenssl_sys-26e3a0c30580cfb6.rlib(libcommon-lib-der_rsa_key.obj)' or at 'C:\Users\Shehr\work\MedScale-074\target\debug\deps\ossl_static.pdb'; linking object as if no debug infoΓÉì
         libopenssl_sys-26e3a0c30580cfb6.rlib(libdefault-lib-der_rsa_sig.obj) : warning LNK4099: PDB 'ossl_static.pdb' was not found with 'libopenssl_sys-26e3a0c30580cfb6.rlib(libdefault-lib-der_rsa_sig.obj)' or at 'C:\Users\Shehr\work\MedScale-074\target\debug\deps\ossl_static.pdb'; linking object as if no debug infoΓÉì
         libopenssl_sys-26e3a0c30580cfb6.rlib(libdefault-lib-securitycheck.obj) : warning LNK4099: PDB 'ossl_static.pdb' was not found with 'libopenssl_sys-26e3a0c30580cfb6.rlib(libdefault-lib-securitycheck.obj)' or at 'C:\Users\Shehr\work\MedScale-074\target\debug\deps\ossl_static.pdb'; linking object as if no debug infoΓÉì
         libopenssl_sys-26e3a0c30580cfb6.rlib(libdefault-lib-securitycheck_default.obj) : warning LNK4099: PDB 'ossl_static.pdb' was not found with 'libopenssl_sys-26e3a0c30580cfb6.rlib(libdefault-lib-securitycheck_default.obj)' or at 'C:\Users\Shehr\work\MedScale-074\target\debug\deps\ossl_static.pdb'; linking object as if no debug infoΓÉì
         libopenssl_sys-26e3a0c30580cfb6.rlib(libcommon-lib-der_ecx_key.obj) : warning LNK4099: PDB 'ossl_static.pdb' was not found with 'libopenssl_sys-26e3a0c30580cfb6.rlib(libcommon-lib-der_ecx_key.obj)' or at 'C:\Users\Shehr\work\MedScale-074\target\debug\deps\ossl_static.pdb'; linking object as if no debug infoΓÉì
         libopenssl_sys-26e3a0c30580cfb6.rlib(libcommon-lib-der_ec_sig.obj) : warning LNK4099: PDB 'ossl_static.pdb' was not found with 'libopenssl_sys-26e3a0c30580cfb6.rlib(libcommon-lib-der_ec_sig.obj)' or at 'C:\Users\Shehr\work\MedScale-074\target\debug\deps\ossl_static.pdb'; linking object as if no debug infoΓÉì
         libopenssl_sys-26e3a0c30580cfb6.rlib(libcrypto-lib-sm2_sign.obj) : warning LNK4099: PDB 'ossl_static.pdb' was not found with 'libopenssl_sys-26e3a0c30580cfb6.rlib(libcrypto-lib-sm2_sign.obj)' or at 'C:\Users\Shehr\work\MedScale-074\target\debug\deps\ossl_static.pdb'; linking object as if no debug infoΓÉì
         libopenssl_sys-26e3a0c30580cfb6.rlib(libdefault-lib-der_sm2_sig.obj) : warning LNK4099: PDB 'ossl_static.pdb' was not found with 'libopenssl_sys-26e3a0c30580cfb6.rlib(libdefault-lib-der_sm2_sig.obj)' or at 'C:\Users\Shehr\work\MedScale-074\target\debug\deps\ossl_static.pdb'; linking object as if no debug infoΓÉì
         libopenssl_sys-26e3a0c30580cfb6.rlib(libcrypto-lib-ml_dsa_sign.obj) : warning LNK4099: PDB 'ossl_static.pdb' was not found with 'libopenssl_sys-26e3a0c30580cfb6.rlib(libcrypto-lib-ml_dsa_sign.obj)' or at 'C:\Users\Shehr\work\MedScale-074\target\debug\deps\ossl_static.pdb'; linking object as if no debug infoΓÉì
         libopenssl_sys-26e3a0c30580cfb6.rlib(libcommon-lib-der_ml_dsa_key.obj) : warning LNK4099: PDB 'ossl_static.pdb' was not found with 'libopenssl_sys-26e3a0c30580cfb6.rlib(libcommon-lib-der_ml_dsa_key.obj)' or at 'C:\Users\Shehr\work\MedScale-074\target\debug\deps\ossl_static.pdb'; linking object as if no debug infoΓÉì
         libopenssl_sys-26e3a0c30580cfb6.rlib(libcrypto-lib-slh_dsa.obj) : warning LNK4099: PDB 'ossl_static.pdb' was not found with 'libopenssl_sys-26e3a0c30580cfb6.rlib(libcrypto-lib-slh_dsa.obj)' or at 'C:\Users\Shehr\work\MedScale-074\target\debug\deps\ossl_static.pdb'; linking object as if no debug infoΓÉì
         libopenssl_sys-26e3a0c30580cfb6.rlib(libcommon-lib-der_slh_dsa_key.obj) : warning LNK4099: PDB 'ossl_static.pdb' was not found with 'libopenssl_sys-26e3a0c30580cfb6.rlib(libcommon-lib-der_slh_dsa_key.obj)' or at 'C:\Users\Shehr\work\MedScale-074\target\debug\deps\ossl_static.pdb'; linking object as if no debug infoΓÉì
         libopenssl_sys-26e3a0c30580cfb6.rlib(libcrypto-lib-sm2_crypt.obj) : warning LNK4099: PDB 'ossl_static.pdb' was not found with 'libopenssl_sys-26e3a0c30580cfb6.rlib(libcrypto-lib-sm2_crypt.obj)' or at 'C:\Users\Shehr\work\MedScale-074\target\debug\deps\ossl_static.pdb'; linking object as if no debug infoΓÉì
         libopenssl_sys-26e3a0c30580cfb6.rlib(libcrypto-lib-pem_all.obj) : warning LNK4099: PDB 'ossl_static.pdb' was not found with 'libopenssl_sys-26e3a0c30580cfb6.rlib(libcrypto-lib-pem_all.obj)' or at 'C:\Users\Shehr\work\MedScale-074\target\debug\deps\ossl_static.pdb'; linking object as if no debug infoΓÉì
         libopenssl_sys-26e3a0c30580cfb6.rlib(libdefault-lib-endecoder_common.obj) : warning LNK4099: PDB 'ossl_static.pdb' was not found with 'libopenssl_sys-26e3a0c30580cfb6.rlib(libdefault-lib-endecoder_common.obj)' or at 'C:\Users\Shehr\work\MedScale-074\target\debug\deps\ossl_static.pdb'; linking object as if no debug infoΓÉì
         libopenssl_sys-26e3a0c30580cfb6.rlib(libdefault-lib-ml_dsa_codecs.obj) : warning LNK4099: PDB 'ossl_static.pdb' was not found with 'libopenssl_sys-26e3a0c30580cfb6.rlib(libdefault-lib-ml_dsa_codecs.obj)' or at 'C:\Users\Shehr\work\MedScale-074\target\debug\deps\ossl_static.pdb'; linking object as if no debug infoΓÉì
         libopenssl_sys-26e3a0c30580cfb6.rlib(libdefault-lib-ml_kem_codecs.obj) : warning LNK4099: PDB 'ossl_static.pdb' was not found with 'libopenssl_sys-26e3a0c30580cfb6.rlib(libdefault-lib-ml_kem_codecs.obj)' or at 'C:\Users\Shehr\work\MedScale-074\target\debug\deps\ossl_static.pdb'; linking object as if no debug infoΓÉì
         libopenssl_sys-26e3a0c30580cfb6.rlib(libcrypto-lib-pvkfmt.obj) : warning LNK4099: PDB 'ossl_static.pdb' was not found with 'libopenssl_sys-26e3a0c30580cfb6.rlib(libcrypto-lib-pvkfmt.obj)' or at 'C:\Users\Shehr\work\MedScale-074\target\debug\deps\ossl_static.pdb'; linking object as if no debug infoΓÉì
         libopenssl_sys-26e3a0c30580cfb6.rlib(libdefault-lib-file_store_any2obj.obj) : warning LNK4099: PDB 'ossl_static.pdb' was not found with 'libopenssl_sys-26e3a0c30580cfb6.rlib(libdefault-lib-file_store_any2obj.obj)' or at 'C:\Users\Shehr\work\MedScale-074\target\debug\deps\ossl_static.pdb'; linking object as if no debug infoΓÉì
         libopenssl_sys-26e3a0c30580cfb6.rlib(liblegacy-lib-cipher_blowfish_hw.obj) : warning LNK4099: PDB 'ossl_static.pdb' was not found with 'libopenssl_sys-26e3a0c30580cfb6.rlib(liblegacy-lib-cipher_blowfish_hw.obj)' or at 'C:\Users\Shehr\work\MedScale-074\target\debug\deps\ossl_static.pdb'; linking object as if no debug infoΓÉì
         libopenssl_sys-26e3a0c30580cfb6.rlib(liblegacy-lib-cipher_cast5_hw.obj) : warning LNK4099: PDB 'ossl_static.pdb' was not found with 'libopenssl_sys-26e3a0c30580cfb6.rlib(liblegacy-lib-cipher_cast5_hw.obj)' or at 'C:\Users\Shehr\work\MedScale-074\target\debug\deps\ossl_static.pdb'; linking object as if no debug infoΓÉì
         libopenssl_sys-26e3a0c30580cfb6.rlib(liblegacy-lib-cipher_rc2_hw.obj) : warning LNK4099: PDB 'ossl_static.pdb' was not found with 'libopenssl_sys-26e3a0c30580cfb6.rlib(liblegacy-lib-cipher_rc2_hw.obj)' or at 'C:\Users\Shehr\work\MedScale-074\target\debug\deps\ossl_static.pdb'; linking object as if no debug infoΓÉì
         libopenssl_sys-26e3a0c30580cfb6.rlib(liblegacy-lib-cipher_desx_hw.obj) : warning LNK4099: PDB 'ossl_static.pdb' was not found with 'libopenssl_sys-26e3a0c30580cfb6.rlib(liblegacy-lib-cipher_desx_hw.obj)' or at 'C:\Users\Shehr\work\MedScale-074\target\debug\deps\ossl_static.pdb'; linking object as if no debug infoΓÉì
         libopenssl_sys-26e3a0c30580cfb6.rlib(liblegacy-lib-cipher_des_hw.obj) : warning LNK4099: PDB 'ossl_static.pdb' was not found with 'libopenssl_sys-26e3a0c30580cfb6.rlib(liblegacy-lib-cipher_des_hw.obj)' or at 'C:\Users\Shehr\work\MedScale-074\target\debug\deps\ossl_static.pdb'; linking object as if no debug infoΓÉì
         libopenssl_sys-26e3a0c30580cfb6.rlib(liblegacy-lib-cipher_rc4_hw.obj) : warning LNK4099: PDB 'ossl_static.pdb' was not found with 'libopenssl_sys-26e3a0c30580cfb6.rlib(liblegacy-lib-cipher_rc4_hw.obj)' or at 'C:\Users\Shehr\work\MedScale-074\target\debug\deps\ossl_static.pdb'; linking object as if no debug infoΓÉì
         libopenssl_sys-26e3a0c30580cfb6.rlib(liblegacy-lib-cipher_rc4_hmac_md5_hw.obj) : warning LNK4099: PDB 'ossl_static.pdb' was not found with 'libopenssl_sys-26e3a0c30580cfb6.rlib(liblegacy-lib-cipher_rc4_hmac_md5_hw.obj)' or at 'C:\Users\Shehr\work\MedScale-074\target\debug\deps\ossl_static.pdb'; linking object as if no debug infoΓÉì
         libopenssl_sys-26e3a0c30580cfb6.rlib(libcrypto-lib-p12_asn.obj) : warning LNK4099: PDB 'ossl_static.pdb' was not found with 'libopenssl_sys-26e3a0c30580cfb6.rlib(libcrypto-lib-p12_asn.obj)' or at 'C:\Users\Shehr\work\MedScale-074\target\debug\deps\ossl_static.pdb'; linking object as if no debug infoΓÉì
         libopenssl_sys-26e3a0c30580cfb6.rlib(libcrypto-lib-p12_init.obj) : warning LNK4099: PDB 'ossl_static.pdb' was not found with 'libopenssl_sys-26e3a0c30580cfb6.rlib(libcrypto-lib-p12_init.obj)' or at 'C:\Users\Shehr\work\MedScale-074\target\debug\deps\ossl_static.pdb'; linking object as if no debug infoΓÉì
         libopenssl_sys-26e3a0c30580cfb6.rlib(libcrypto-lib-v3_conf.obj) : warning LNK4099: PDB 'ossl_static.pdb' was not found with 'libopenssl_sys-26e3a0c30580cfb6.rlib(libcrypto-lib-v3_conf.obj)' or at 'C:\Users\Shehr\work\MedScale-074\target\debug\deps\ossl_static.pdb'; linking object as if no debug infoΓÉì
         libopenssl_sys-26e3a0c30580cfb6.rlib(libcrypto-lib-v3_pcons.obj) : warning LNK4099: PDB 'ossl_static.pdb' was not found with 'libopenssl_sys-26e3a0c30580cfb6.rlib(libcrypto-lib-v3_pcons.obj)' or at 'C:\Users\Shehr\work\MedScale-074\target\debug\deps\ossl_static.pdb'; linking object as if no debug infoΓÉì
         libopenssl_sys-26e3a0c30580cfb6.rlib(libcrypto-lib-pcy_map.obj) : warning LNK4099: PDB 'ossl_static.pdb' was not found with 'libopenssl_sys-26e3a0c30580cfb6.rlib(libcrypto-lib-pcy_map.obj)' or at 'C:\Users\Shehr\work\MedScale-074\target\debug\deps\ossl_static.pdb'; linking object as if no debug infoΓÉì
         libopenssl_sys-26e3a0c30580cfb6.rlib(libcrypto-lib-p_verify.obj) : warning LNK4099: PDB 'ossl_static.pdb' was not found with 'libopenssl_sys-26e3a0c30580cfb6.rlib(libcrypto-lib-p_verify.obj)' or at 'C:\Users\Shehr\work\MedScale-074\target\debug\deps\ossl_static.pdb'; linking object as if no debug infoΓÉì
         libopenssl_sys-26e3a0c30580cfb6.rlib(libcrypto-lib-p_sign.obj) : warning LNK4099: PDB 'ossl_static.pdb' was not found with 'libopenssl_sys-26e3a0c30580cfb6.rlib(libcrypto-lib-p_sign.obj)' or at 'C:\Users\Shehr\work\MedScale-074\target\debug\deps\ossl_static.pdb'; linking object as if no debug infoΓÉì
         libopenssl_sys-26e3a0c30580cfb6.rlib(libcrypto-lib-pk7_doit.obj) : warning LNK4099: PDB 'ossl_static.pdb' was not found with 'libopenssl_sys-26e3a0c30580cfb6.rlib(libcrypto-lib-pk7_doit.obj)' or at 'C:\Users\Shehr\work\MedScale-074\target\debug\deps\ossl_static.pdb'; linking object as if no debug infoΓÉì
         libopenssl_sys-26e3a0c30580cfb6.rlib(libcrypto-lib-bf_buff.obj) : warning LNK4099: PDB 'ossl_static.pdb' was not found with 'libopenssl_sys-26e3a0c30580cfb6.rlib(libcrypto-lib-bf_buff.obj)' or at 'C:\Users\Shehr\work\MedScale-074\target\debug\deps\ossl_static.pdb'; linking object as if no debug infoΓÉì
         libopenssl_sys-26e3a0c30580cfb6.rlib(libcrypto-lib-bss_conn.obj) : warning LNK4099: PDB 'ossl_static.pdb' was not found with 'libopenssl_sys-26e3a0c30580cfb6.rlib(libcrypto-lib-bss_conn.obj)' or at 'C:\Users\Shehr\work\MedScale-074\target\debug\deps\ossl_static.pdb'; linking object as if no debug infoΓÉì
         libopenssl_sys-26e3a0c30580cfb6.rlib(libcrypto-lib-x509rset.obj) : warning LNK4099: PDB 'ossl_static.pdb' was not found with 'libopenssl_sys-26e3a0c30580cfb6.rlib(libcrypto-lib-x509rset.obj)' or at 'C:\Users\Shehr\work\MedScale-074\target\debug\deps\ossl_static.pdb'; linking object as if no debug infoΓÉì
         libopenssl_sys-26e3a0c30580cfb6.rlib(libcrypto-lib-v3_bitst.obj) : warning LNK4099: PDB 'ossl_static.pdb' was not found with 'libopenssl_sys-26e3a0c30580cfb6.rlib(libcrypto-lib-v3_bitst.obj)' or at 'C:\Users\Shehr\work\MedScale-074\target\debug\deps\ossl_static.pdb'; linking object as if no debug infoΓÉì
         libopenssl_sys-26e3a0c30580cfb6.rlib(libcrypto-lib-v3_extku.obj) : warning LNK4099: PDB 'ossl_static.pdb' was not found with 'libopenssl_sys-26e3a0c30580cfb6.rlib(libcrypto-lib-v3_extku.obj)' or at 'C:\Users\Shehr\work\MedScale-074\target\debug\deps\ossl_static.pdb'; linking object as if no debug infoΓÉì
         libopenssl_sys-26e3a0c30580cfb6.rlib(libcrypto-lib-v3_pku.obj) : warning LNK4099: PDB 'ossl_static.pdb' was not found with 'libopenssl_sys-26e3a0c30580cfb6.rlib(libcrypto-lib-v3_pku.obj)' or at 'C:\Users\Shehr\work\MedScale-074\target\debug\deps\ossl_static.pdb'; linking object as if no debug infoΓÉì
         libopenssl_sys-26e3a0c30580cfb6.rlib(libcrypto-lib-v3_sxnet.obj) : warning LNK4099: PDB 'ossl_static.pdb' was not found with 'libopenssl_sys-26e3a0c30580cfb6.rlib(libcrypto-lib-v3_sxnet.obj)' or at 'C:\Users\Shehr\work\MedScale-074\target\debug\deps\ossl_static.pdb'; linking object as if no debug infoΓÉì
         libopenssl_sys-26e3a0c30580cfb6.rlib(libcrypto-lib-v3_ia5.obj) : warning LNK4099: PDB 'ossl_static.pdb' was not found with 'libopenssl_sys-26e3a0c30580cfb6.rlib(libcrypto-lib-v3_ia5.obj)' or at 'C:\Users\Shehr\work\MedScale-074\target\debug\deps\ossl_static.pdb'; linking object as if no debug infoΓÉì
         libopenssl_sys-26e3a0c30580cfb6.rlib(libcrypto-lib-v3_skid.obj) : warning LNK4099: PDB 'ossl_static.pdb' was not found with 'libopenssl_sys-26e3a0c30580cfb6.rlib(libcrypto-lib-v3_skid.obj)' or at 'C:\Users\Shehr\work\MedScale-074\target\debug\deps\ossl_static.pdb'; linking object as if no debug infoΓÉì
         libopenssl_sys-26e3a0c30580cfb6.rlib(libcrypto-lib-v3_akid.obj) : warning LNK4099: PDB 'ossl_static.pdb' was not found with 'libopenssl_sys-26e3a0c30580cfb6.rlib(libcrypto-lib-v3_akid.obj)' or at 'C:\Users\Shehr\work\MedScale-074\target\debug\deps\ossl_static.pdb'; linking object as if no debug infoΓÉì
         libopenssl_sys-26e3a0c30580cfb6.rlib(libcrypto-lib-v3_int.obj) : warning LNK4099: PDB 'ossl_static.pdb' was not found with 'libopenssl_sys-26e3a0c30580cfb6.rlib(libcrypto-lib-v3_int.obj)' or at 'C:\Users\Shehr\work\MedScale-074\target\debug\deps\ossl_static.pdb'; linking object as if no debug infoΓÉì
         libopenssl_sys-26e3a0c30580cfb6.rlib(libcrypto-lib-v3_enum.obj) : warning LNK4099: PDB 'ossl_static.pdb' was not found with 'libopenssl_sys-26e3a0c30580cfb6.rlib(libcrypto-lib-v3_enum.obj)' or at 'C:\Users\Shehr\work\MedScale-074\target\debug\deps\ossl_static.pdb'; linking object as if no debug infoΓÉì
         libopenssl_sys-26e3a0c30580cfb6.rlib(libcrypto-lib-v3_ocsp.obj) : warning LNK4099: PDB 'ossl_static.pdb' was not found with 'libopenssl_sys-26e3a0c30580cfb6.rlib(libcrypto-lib-v3_ocsp.obj)' or at 'C:\Users\Shehr\work\MedScale-074\target\debug\deps\ossl_static.pdb'; linking object as if no debug infoΓÉì
         libopenssl_sys-26e3a0c30580cfb6.rlib(libcrypto-lib-v3_pci.obj) : warning LNK4099: PDB 'ossl_static.pdb' was not found with 'libopenssl_sys-26e3a0c30580cfb6.rlib(libcrypto-lib-v3_pci.obj)' or at 'C:\Users\Shehr\work\MedScale-074\target\debug\deps\ossl_static.pdb'; linking object as if no debug infoΓÉì
         libopenssl_sys-26e3a0c30580cfb6.rlib(libcrypto-lib-v3_pmaps.obj) : warning LNK4099: PDB 'ossl_static.pdb' was not found with 'libopenssl_sys-26e3a0c30580cfb6.rlib(libcrypto-lib-v3_pmaps.obj)' or at 'C:\Users\Shehr\work\MedScale-074\target\debug\deps\ossl_static.pdb'; linking object as if no debug infoΓÉì
         libopenssl_sys-26e3a0c30580cfb6.rlib(libcrypto-lib-ct_x509v3.obj) : warning LNK4099: PDB 'ossl_static.pdb' was not found with 'libopenssl_sys-26e3a0c30580cfb6.rlib(libcrypto-lib-ct_x509v3.obj)' or at 'C:\Users\Shehr\work\MedScale-074\target\debug\deps\ossl_static.pdb'; linking object as if no debug infoΓÉì
         libopenssl_sys-26e3a0c30580cfb6.rlib(libcrypto-lib-v3_tlsf.obj) : warning LNK4099: PDB 'ossl_static.pdb' was not found with 'libopenssl_sys-26e3a0c30580cfb6.rlib(libcrypto-lib-v3_tlsf.obj)' or at 'C:\Users\Shehr\work\MedScale-074\target\debug\deps\ossl_static.pdb'; linking object as if no debug infoΓÉì
         libopenssl_sys-26e3a0c30580cfb6.rlib(libcrypto-lib-v3_admis.obj) : warning LNK4099: PDB 'ossl_static.pdb' was not found with 'libopenssl_sys-26e3a0c30580cfb6.rlib(libcrypto-lib-v3_admis.obj)' or at 'C:\Users\Shehr\work\MedScale-074\target\debug\deps\ossl_static.pdb'; linking object as if no debug infoΓÉì
         libopenssl_sys-26e3a0c30580cfb6.rlib(libcrypto-lib-v3_utf8.obj) : warning LNK4099: PDB 'ossl_static.pdb' was not found with 'libopenssl_sys-26e3a0c30580cfb6.rlib(libcrypto-lib-v3_utf8.obj)' or at 'C:\Users\Shehr\work\MedScale-074\target\debug\deps\ossl_static.pdb'; linking object as if no debug infoΓÉì
         libopenssl_sys-26e3a0c30580cfb6.rlib(libcrypto-lib-v3_ist.obj) : warning LNK4099: PDB 'ossl_static.pdb' was not found with 'libopenssl_sys-26e3a0c30580cfb6.rlib(libcrypto-lib-v3_ist.obj)' or at 'C:\Users\Shehr\work\MedScale-074\target\debug\deps\ossl_static.pdb'; linking object as if no debug infoΓÉì
         libopenssl_sys-26e3a0c30580cfb6.rlib(libcrypto-lib-v3_group_ac.obj) : warning LNK4099: PDB 'ossl_static.pdb' was not found with 'libopenssl_sys-26e3a0c30580cfb6.rlib(libcrypto-lib-v3_group_ac.obj)' or at 'C:\Users\Shehr\work\MedScale-074\target\debug\deps\ossl_static.pdb'; linking object as if no debug infoΓÉì
         libopenssl_sys-26e3a0c30580cfb6.rlib(libcrypto-lib-v3_soa_id.obj) : warning LNK4099: PDB 'ossl_static.pdb' was not found with 'libopenssl_sys-26e3a0c30580cfb6.rlib(libcrypto-lib-v3_soa_id.obj)' or at 'C:\Users\Shehr\work\MedScale-074\target\debug\deps\ossl_static.pdb'; linking object as if no debug infoΓÉì
         libopenssl_sys-26e3a0c30580cfb6.rlib(libcrypto-lib-v3_no_ass.obj) : warning LNK4099: PDB 'ossl_static.pdb' was not found with 'libopenssl_sys-26e3a0c30580cfb6.rlib(libcrypto-lib-v3_no_ass.obj)' or at 'C:\Users\Shehr\work\MedScale-074\target\debug\deps\ossl_static.pdb'; linking object as if no debug infoΓÉì
         libopenssl_sys-26e3a0c30580cfb6.rlib(libcrypto-lib-v3_no_rev_avail.obj) : warning LNK4099: PDB 'ossl_static.pdb' was not found with 'libopenssl_sys-26e3a0c30580cfb6.rlib(libcrypto-lib-v3_no_rev_avail.obj)' or at 'C:\Users\Shehr\work\MedScale-074\target\debug\deps\ossl_static.pdb'; linking object as if no debug infoΓÉì
         libopenssl_sys-26e3a0c30580cfb6.rlib(libcrypto-lib-v3_single_use.obj) : warning LNK4099: PDB 'ossl_static.pdb' was not found with 'libopenssl_sys-26e3a0c30580cfb6.rlib(libcrypto-lib-v3_single_use.obj)' or at 'C:\Users\Shehr\work\MedScale-074\target\debug\deps\ossl_static.pdb'; linking object as if no debug infoΓÉì
         libopenssl_sys-26e3a0c30580cfb6.rlib(libcrypto-lib-v3_ind_iss.obj) : warning LNK4099: PDB 'ossl_static.pdb' was not found with 'libopenssl_sys-26e3a0c30580cfb6.rlib(libcrypto-lib-v3_ind_iss.obj)' or at 'C:\Users\Shehr\work\MedScale-074\target\debug\deps\ossl_static.pdb'; linking object as if no debug infoΓÉì
         libopenssl_sys-26e3a0c30580cfb6.rlib(libcrypto-lib-v3_ac_tgt.obj) : warning LNK4099: PDB 'ossl_static.pdb' was not found with 'libopenssl_sys-26e3a0c30580cfb6.rlib(libcrypto-lib-v3_ac_tgt.obj)' or at 'C:\Users\Shehr\work\MedScale-074\target\debug\deps\ossl_static.pdb'; linking object as if no debug infoΓÉì
         libopenssl_sys-26e3a0c30580cfb6.rlib(libcrypto-lib-v3_sda.obj) : warning LNK4099: PDB 'ossl_static.pdb' was not found with 'libopenssl_sys-26e3a0c30580cfb6.rlib(libcrypto-lib-v3_sda.obj)' or at 'C:\Users\Shehr\work\MedScale-074\target\debug\deps\ossl_static.pdb'; linking object as if no debug infoΓÉì
         libopenssl_sys-26e3a0c30580cfb6.rlib(libcrypto-lib-v3_usernotice.obj) : warning LNK4099: PDB 'ossl_static.pdb' was not found with 'libopenssl_sys-26e3a0c30580cfb6.rlib(libcrypto-lib-v3_usernotice.obj)' or at 'C:\Users\Shehr\work\MedScale-074\target\debug\deps\ossl_static.pdb'; linking object as if no debug infoΓÉì
         libopenssl_sys-26e3a0c30580cfb6.rlib(libcrypto-lib-v3_battcons.obj) : warning LNK4099: PDB 'ossl_static.pdb' was not found with 'libopenssl_sys-26e3a0c30580cfb6.rlib(libcrypto-lib-v3_battcons.obj)' or at 'C:\Users\Shehr\work\MedScale-074\target\debug\deps\ossl_static.pdb'; linking object as if no debug infoΓÉì
         libopenssl_sys-26e3a0c30580cfb6.rlib(libcrypto-lib-v3_audit_id.obj) : warning LNK4099: PDB 'ossl_static.pdb' was not found with 'libopenssl_sys-26e3a0c30580cfb6.rlib(libcrypto-lib-v3_audit_id.obj)' or at 'C:\Users\Shehr\work\MedScale-074\target\debug\deps\ossl_static.pdb'; linking object as if no debug infoΓÉì
         libopenssl_sys-26e3a0c30580cfb6.rlib(libcrypto-lib-v3_iobo.obj) : warning LNK4099: PDB 'ossl_static.pdb' was not found with 'libopenssl_sys-26e3a0c30580cfb6.rlib(libcrypto-lib-v3_iobo.obj)' or at 'C:\Users\Shehr\work\MedScale-074\target\debug\deps\ossl_static.pdb'; linking object as if no debug infoΓÉì
         libopenssl_sys-26e3a0c30580cfb6.rlib(libcrypto-lib-v3_authattid.obj) : warning LNK4099: PDB 'ossl_static.pdb' was not found with 'libopenssl_sys-26e3a0c30580cfb6.rlib(libcrypto-lib-v3_authattid.obj)' or at 'C:\Users\Shehr\work\MedScale-074\target\debug\deps\ossl_static.pdb'; linking object as if no debug infoΓÉì
         libopenssl_sys-26e3a0c30580cfb6.rlib(libcrypto-lib-v3_rolespec.obj) : warning LNK4099: PDB 'ossl_static.pdb' was not found with 'libopenssl_sys-26e3a0c30580cfb6.rlib(libcrypto-lib-v3_rolespec.obj)' or at 'C:\Users\Shehr\work\MedScale-074\target\debug\deps\ossl_static.pdb'; linking object as if no debug infoΓÉì
         libopenssl_sys-26e3a0c30580cfb6.rlib(libcrypto-lib-v3_attrdesc.obj) : warning LNK4099: PDB 'ossl_static.pdb' was not found with 'libopenssl_sys-26e3a0c30580cfb6.rlib(libcrypto-lib-v3_attrdesc.obj)' or at 'C:\Users\Shehr\work\MedScale-074\target\debug\deps\ossl_static.pdb'; linking object as if no debug infoΓÉì
         libopenssl_sys-26e3a0c30580cfb6.rlib(libcrypto-lib-v3_timespec.obj) : warning LNK4099: PDB 'ossl_static.pdb' was not found with 'libopenssl_sys-26e3a0c30580cfb6.rlib(libcrypto-lib-v3_timespec.obj)' or at 'C:\Users\Shehr\work\MedScale-074\target\debug\deps\ossl_static.pdb'; linking object as if no debug infoΓÉì
         libopenssl_sys-26e3a0c30580cfb6.rlib(libcrypto-lib-v3_attrmap.obj) : warning LNK4099: PDB 'ossl_static.pdb' was not found with 'libopenssl_sys-26e3a0c30580cfb6.rlib(libcrypto-lib-v3_attrmap.obj)' or at 'C:\Users\Shehr\work\MedScale-074\target\debug\deps\ossl_static.pdb'; linking object as if no debug infoΓÉì
         libopenssl_sys-26e3a0c30580cfb6.rlib(libcrypto-lib-v3_aaa.obj) : warning LNK4099: PDB 'ossl_static.pdb' was not found with 'libopenssl_sys-26e3a0c30580cfb6.rlib(libcrypto-lib-v3_aaa.obj)' or at 'C:\Users\Shehr\work\MedScale-074\target\debug\deps\ossl_static.pdb'; linking object as if no debug infoΓÉì
         libopenssl_sys-26e3a0c30580cfb6.rlib(libcrypto-lib-rand_uniform.obj) : warning LNK4099: PDB 'ossl_static.pdb' was not found with 'libopenssl_sys-26e3a0c30580cfb6.rlib(libcrypto-lib-rand_uniform.obj)' or at 'C:\Users\Shehr\work\MedScale-074\target\debug\deps\ossl_static.pdb'; linking object as if no debug infoΓÉì
         libopenssl_sys-26e3a0c30580cfb6.rlib(libcommon-lib-ciphercommon_hw.obj) : warning LNK4099: PDB 'ossl_static.pdb' was not found with 'libopenssl_sys-26e3a0c30580cfb6.rlib(libcommon-lib-ciphercommon_hw.obj)' or at 'C:\Users\Shehr\work\MedScale-074\target\debug\deps\ossl_static.pdb'; linking object as if no debug infoΓÉì
         libopenssl_sys-26e3a0c30580cfb6.rlib(libcommon-lib-tls_pad.obj) : warning LNK4099: PDB 'ossl_static.pdb' was not found with 'libopenssl_sys-26e3a0c30580cfb6.rlib(libcommon-lib-tls_pad.obj)' or at 'C:\Users\Shehr\work\MedScale-074\target\debug\deps\ossl_static.pdb'; linking object as if no debug infoΓÉì
         libopenssl_sys-26e3a0c30580cfb6.rlib(libcommon-lib-ciphercommon_gcm_hw.obj) : warning LNK4099: PDB 'ossl_static.pdb' was not found with 'libopenssl_sys-26e3a0c30580cfb6.rlib(libcommon-lib-ciphercommon_gcm_hw.obj)' or at 'C:\Users\Shehr\work\MedScale-074\target\debug\deps\ossl_static.pdb'; linking object as if no debug infoΓÉì
         libopenssl_sys-26e3a0c30580cfb6.rlib(libcommon-lib-ciphercommon_ccm_hw.obj) : warning LNK4099: PDB 'ossl_static.pdb' was not found with 'libopenssl_sys-26e3a0c30580cfb6.rlib(libcommon-lib-ciphercommon_ccm_hw.obj)' or at 'C:\Users\Shehr\work\MedScale-074\target\debug\deps\ossl_static.pdb'; linking object as if no debug infoΓÉì
         libopenssl_sys-26e3a0c30580cfb6.rlib(libcrypto-lib-siv128.obj) : warning LNK4099: PDB 'ossl_static.pdb' was not found with 'libopenssl_sys-26e3a0c30580cfb6.rlib(libcrypto-lib-siv128.obj)' or at 'C:\Users\Shehr\work\MedScale-074\target\debug\deps\ossl_static.pdb'; linking object as if no debug infoΓÉì
         libopenssl_sys-26e3a0c30580cfb6.rlib(libdefault-lib-cipher_aes_gcm_siv_polyval.obj) : warning LNK4099: PDB 'ossl_static.pdb' was not found with 'libopenssl_sys-26e3a0c30580cfb6.rlib(libdefault-lib-cipher_aes_gcm_siv_polyval.obj)' or at 'C:\Users\Shehr\work\MedScale-074\target\debug\deps\ossl_static.pdb'; linking object as if no debug infoΓÉì
         libopenssl_sys-26e3a0c30580cfb6.rlib(libcrypto-lib-ml_dsa_params.obj) : warning LNK4099: PDB 'ossl_static.pdb' was not found with 'libopenssl_sys-26e3a0c30580cfb6.rlib(libcrypto-lib-ml_dsa_params.obj)' or at 'C:\Users\Shehr\work\MedScale-074\target\debug\deps\ossl_static.pdb'; linking object as if no debug infoΓÉì
         libopenssl_sys-26e3a0c30580cfb6.rlib(libcrypto-lib-ml_dsa_sample.obj) : warning LNK4099: PDB 'ossl_static.pdb' was not found with 'libopenssl_sys-26e3a0c30580cfb6.rlib(libcrypto-lib-ml_dsa_sample.obj)' or at 'C:\Users\Shehr\work\MedScale-074\target\debug\deps\ossl_static.pdb'; linking object as if no debug infoΓÉì
         libopenssl_sys-26e3a0c30580cfb6.rlib(libcrypto-lib-ml_dsa_matrix.obj) : warning LNK4099: PDB 'ossl_static.pdb' was not found with 'libopenssl_sys-26e3a0c30580cfb6.rlib(libcrypto-lib-ml_dsa_matrix.obj)' or at 'C:\Users\Shehr\work\MedScale-074\target\debug\deps\ossl_static.pdb'; linking object as if no debug infoΓÉì
         libopenssl_sys-26e3a0c30580cfb6.rlib(libcrypto-lib-ml_dsa_ntt.obj) : warning LNK4099: PDB 'ossl_static.pdb' was not found with 'libopenssl_sys-26e3a0c30580cfb6.rlib(libcrypto-lib-ml_dsa_ntt.obj)' or at 'C:\Users\Shehr\work\MedScale-074\target\debug\deps\ossl_static.pdb'; linking object as if no debug infoΓÉì
         libopenssl_sys-26e3a0c30580cfb6.rlib(libcrypto-lib-ml_dsa_key_compress.obj) : warning LNK4099: PDB 'ossl_static.pdb' was not found with 'libopenssl_sys-26e3a0c30580cfb6.rlib(libcrypto-lib-ml_dsa_key_compress.obj)' or at 'C:\Users\Shehr\work\MedScale-074\target\debug\deps\ossl_static.pdb'; linking object as if no debug infoΓÉì
         libopenssl_sys-26e3a0c30580cfb6.rlib(libcrypto-lib-slh_adrs.obj) : warning LNK4099: PDB 'ossl_static.pdb' was not found with 'libopenssl_sys-26e3a0c30580cfb6.rlib(libcrypto-lib-slh_adrs.obj)' or at 'C:\Users\Shehr\work\MedScale-074\target\debug\deps\ossl_static.pdb'; linking object as if no debug infoΓÉì
         libopenssl_sys-26e3a0c30580cfb6.rlib(libcrypto-lib-slh_hash.obj) : warning LNK4099: PDB 'ossl_static.pdb' was not found with 'libopenssl_sys-26e3a0c30580cfb6.rlib(libcrypto-lib-slh_hash.obj)' or at 'C:\Users\Shehr\work\MedScale-074\target\debug\deps\ossl_static.pdb'; linking object as if no debug infoΓÉì
         libopenssl_sys-26e3a0c30580cfb6.rlib(libcrypto-lib-slh_params.obj) : warning LNK4099: PDB 'ossl_static.pdb' was not found with 'libopenssl_sys-26e3a0c30580cfb6.rlib(libcrypto-lib-slh_params.obj)' or at 'C:\Users\Shehr\work\MedScale-074\target\debug\deps\ossl_static.pdb'; linking object as if no debug infoΓÉì
         libopenssl_sys-26e3a0c30580cfb6.rlib(libcrypto-lib-slh_xmss.obj) : warning LNK4099: PDB 'ossl_static.pdb' was not found with 'libopenssl_sys-26e3a0c30580cfb6.rlib(libcrypto-lib-slh_xmss.obj)' or at 'C:\Users\Shehr\work\MedScale-074\target\debug\deps\ossl_static.pdb'; linking object as if no debug infoΓÉì
         libopenssl_sys-26e3a0c30580cfb6.rlib(libcommon-lib-der_dsa_gen.obj) : warning LNK4099: PDB 'ossl_static.pdb' was not found with 'libopenssl_sys-26e3a0c30580cfb6.rlib(libcommon-lib-der_dsa_gen.obj)' or at 'C:\Users\Shehr\work\MedScale-074\target\debug\deps\ossl_static.pdb'; linking object as if no debug infoΓÉì
         libopenssl_sys-26e3a0c30580cfb6.rlib(libcommon-lib-der_rsa_gen.obj) : warning LNK4099: PDB 'ossl_static.pdb' was not found with 'libopenssl_sys-26e3a0c30580cfb6.rlib(libcommon-lib-der_rsa_gen.obj)' or at 'C:\Users\Shehr\work\MedScale-074\target\debug\deps\ossl_static.pdb'; linking object as if no debug infoΓÉì
         libopenssl_sys-26e3a0c30580cfb6.rlib(libcommon-lib-der_ecx_gen.obj) : warning LNK4099: PDB 'ossl_static.pdb' was not found with 'libopenssl_sys-26e3a0c30580cfb6.rlib(libcommon-lib-der_ecx_gen.obj)' or at 'C:\Users\Shehr\work\MedScale-074\target\debug\deps\ossl_static.pdb'; linking object as if no debug infoΓÉì
         libopenssl_sys-26e3a0c30580cfb6.rlib(libcommon-lib-der_ec_gen.obj) : warning LNK4099: PDB 'ossl_static.pdb' was not found with 'libopenssl_sys-26e3a0c30580cfb6.rlib(libcommon-lib-der_ec_gen.obj)' or at 'C:\Users\Shehr\work\MedScale-074\target\debug\deps\ossl_static.pdb'; linking object as if no debug infoΓÉì
         libopenssl_sys-26e3a0c30580cfb6.rlib(libdefault-lib-der_sm2_gen.obj) : warning LNK4099: PDB 'ossl_static.pdb' was not found with 'libopenssl_sys-26e3a0c30580cfb6.rlib(libdefault-lib-der_sm2_gen.obj)' or at 'C:\Users\Shehr\work\MedScale-074\target\debug\deps\ossl_static.pdb'; linking object as if no debug infoΓÉì
         libopenssl_sys-26e3a0c30580cfb6.rlib(libcommon-lib-der_ml_dsa_gen.obj) : warning LNK4099: PDB 'ossl_static.pdb' was not found with 'libopenssl_sys-26e3a0c30580cfb6.rlib(libcommon-lib-der_ml_dsa_gen.obj)' or at 'C:\Users\Shehr\work\MedScale-074\target\debug\deps\ossl_static.pdb'; linking object as if no debug infoΓÉì
         libopenssl_sys-26e3a0c30580cfb6.rlib(libcrypto-lib-slh_hypertree.obj) : warning LNK4099: PDB 'ossl_static.pdb' was not found with 'libopenssl_sys-26e3a0c30580cfb6.rlib(libcrypto-lib-slh_hypertree.obj)' or at 'C:\Users\Shehr\work\MedScale-074\target\debug\deps\ossl_static.pdb'; linking object as if no debug infoΓÉì
         libopenssl_sys-26e3a0c30580cfb6.rlib(libcrypto-lib-slh_fors.obj) : warning LNK4099: PDB 'ossl_static.pdb' was not found with 'libopenssl_sys-26e3a0c30580cfb6.rlib(libcrypto-lib-slh_fors.obj)' or at 'C:\Users\Shehr\work\MedScale-074\target\debug\deps\ossl_static.pdb'; linking object as if no debug infoΓÉì
         libopenssl_sys-26e3a0c30580cfb6.rlib(libcommon-lib-der_slh_dsa_gen.obj) : warning LNK4099: PDB 'ossl_static.pdb' was not found with 'libopenssl_sys-26e3a0c30580cfb6.rlib(libcommon-lib-der_slh_dsa_gen.obj)' or at 'C:\Users\Shehr\work\MedScale-074\target\debug\deps\ossl_static.pdb'; linking object as if no debug infoΓÉì
         libopenssl_sys-26e3a0c30580cfb6.rlib(libcrypto-lib-nsseq.obj) : warning LNK4099: PDB 'ossl_static.pdb' was not found with 'libopenssl_sys-26e3a0c30580cfb6.rlib(libcrypto-lib-nsseq.obj)' or at 'C:\Users\Shehr\work\MedScale-074\target\debug\deps\ossl_static.pdb'; linking object as if no debug infoΓÉì
         libopenssl_sys-26e3a0c30580cfb6.rlib(libdefault-lib-ml_common_codecs.obj) : warning LNK4099: PDB 'ossl_static.pdb' was not found with 'libopenssl_sys-26e3a0c30580cfb6.rlib(libdefault-lib-ml_common_codecs.obj)' or at 'C:\Users\Shehr\work\MedScale-074\target\debug\deps\ossl_static.pdb'; linking object as if no debug infoΓÉì
         libopenssl_sys-26e3a0c30580cfb6.rlib(libcrypto-lib-bss_null.obj) : warning LNK4099: PDB 'ossl_static.pdb' was not found with 'libopenssl_sys-26e3a0c30580cfb6.rlib(libcrypto-lib-bss_null.obj)' or at 'C:\Users\Shehr\work\MedScale-074\target\debug\deps\ossl_static.pdb'; linking object as if no debug infoΓÉì
         libopenssl_sys-26e3a0c30580cfb6.rlib(libcrypto-lib-bio_md.obj) : warning LNK4099: PDB 'ossl_static.pdb' was not found with 'libopenssl_sys-26e3a0c30580cfb6.rlib(libcrypto-lib-bio_md.obj)' or at 'C:\Users\Shehr\work\MedScale-074\target\debug\deps\ossl_static.pdb'; linking object as if no debug infoΓÉì
         libopenssl_sys-26e3a0c30580cfb6.rlib(libcrypto-lib-bio_enc.obj) : warning LNK4099: PDB 'ossl_static.pdb' was not found with 'libopenssl_sys-26e3a0c30580cfb6.rlib(libcrypto-lib-bio_enc.obj)' or at 'C:\Users\Shehr\work\MedScale-074\target\debug\deps\ossl_static.pdb'; linking object as if no debug infoΓÉì
         libopenssl_sys-26e3a0c30580cfb6.rlib(libcrypto-lib-pk7_attr.obj) : warning LNK4099: PDB 'ossl_static.pdb' was not found with 'libopenssl_sys-26e3a0c30580cfb6.rlib(libcrypto-lib-pk7_attr.obj)' or at 'C:\Users\Shehr\work\MedScale-074\target\debug\deps\ossl_static.pdb'; linking object as if no debug infoΓÉì
         libopenssl_sys-26e3a0c30580cfb6.rlib(libcrypto-lib-bss_dgram.obj) : warning LNK4099: PDB 'ossl_static.pdb' was not found with 'libopenssl_sys-26e3a0c30580cfb6.rlib(libcrypto-lib-bss_dgram.obj)' or at 'C:\Users\Shehr\work\MedScale-074\target\debug\deps\ossl_static.pdb'; linking object as if no debug infoΓÉì
         libopenssl_sys-26e3a0c30580cfb6.rlib(libcrypto-lib-f_string.obj) : warning LNK4099: PDB 'ossl_static.pdb' was not found with 'libopenssl_sys-26e3a0c30580cfb6.rlib(libcrypto-lib-f_string.obj)' or at 'C:\Users\Shehr\work\MedScale-074\target\debug\deps\ossl_static.pdb'; linking object as if no debug infoΓÉì
         libopenssl_sys-26e3a0c30580cfb6.rlib(libcrypto-lib-ct_sct.obj) : warning LNK4099: PDB 'ossl_static.pdb' was not found with 'libopenssl_sys-26e3a0c30580cfb6.rlib(libcrypto-lib-ct_sct.obj)' or at 'C:\Users\Shehr\work\MedScale-074\target\debug\deps\ossl_static.pdb'; linking object as if no debug infoΓÉì
         libopenssl_sys-26e3a0c30580cfb6.rlib(libcrypto-lib-ct_oct.obj) : warning LNK4099: PDB 'ossl_static.pdb' was not found with 'libopenssl_sys-26e3a0c30580cfb6.rlib(libcrypto-lib-ct_oct.obj)' or at 'C:\Users\Shehr\work\MedScale-074\target\debug\deps\ossl_static.pdb'; linking object as if no debug infoΓÉì
         libopenssl_sys-26e3a0c30580cfb6.rlib(libcrypto-lib-ct_prn.obj) : warning LNK4099: PDB 'ossl_static.pdb' was not found with 'libopenssl_sys-26e3a0c30580cfb6.rlib(libcrypto-lib-ct_prn.obj)' or at 'C:\Users\Shehr\work\MedScale-074\target\debug\deps\ossl_static.pdb'; linking object as if no debug infoΓÉì
         libopenssl_sys-26e3a0c30580cfb6.rlib(libcrypto-lib-slh_wots.obj) : warning LNK4099: PDB 'ossl_static.pdb' was not found with 'libopenssl_sys-26e3a0c30580cfb6.rlib(libcrypto-lib-slh_wots.obj)' or at 'C:\Users\Shehr\work\MedScale-074\target\debug\deps\ossl_static.pdb'; linking object as if no debug infoΓÉì
         libopenssl_sys-26e3a0c30580cfb6.rlib(libcrypto-lib-ct_log.obj) : warning LNK4099: PDB 'ossl_static.pdb' was not found with 'libopenssl_sys-26e3a0c30580cfb6.rlib(libcrypto-lib-ct_log.obj)' or at 'C:\Users\Shehr\work\MedScale-074\target\debug\deps\ossl_static.pdb'; linking object as if no debug infoΓÉì
         libopenssl_sys-26e3a0c30580cfb6.rlib(libcrypto-lib-ct_sct_ctx.obj) : warning LNK4099: PDB 'ossl_static.pdb' was not found with 'libopenssl_sys-26e3a0c30580cfb6.rlib(libcrypto-lib-ct_sct_ctx.obj)' or at 'C:\Users\Shehr\work\MedScale-074\target\debug\deps\ossl_static.pdb'; linking object as if no debug infoΓÉì
         libopenssl_sys-26e3a0c30580cfb6.rlib(libcrypto-lib-ct_vfy.obj) : warning LNK4099: PDB 'ossl_static.pdb' was not found with 'libopenssl_sys-26e3a0c30580cfb6.rlib(libcrypto-lib-ct_vfy.obj)' or at 'C:\Users\Shehr\work\MedScale-074\target\debug\deps\ossl_static.pdb'; linking object as if no debug infoΓÉì
         libopenssl_sys-26e3a0c30580cfb6.rlib(libcrypto-lib-ct_b64.obj) : warning LNK4099: PDB 'ossl_static.pdb' was not found with 'libopenssl_sys-26e3a0c30580cfb6.rlib(libcrypto-lib-ct_b64.obj)' or at 'C:\Users\Shehr\work\MedScale-074\target\debug\deps\ossl_static.pdb'; linking object as if no debug info
  |
  = note: `#[warn(linker_messages)]` on by default

warning: `medscale-core` (test "project_graph_scale_074") generated 1 warning
    Finished `test` profile [unoptimized + debuginfo] target(s) in 16m 45s
     Running tests\project_graph_scale_074.rs (target\debug\deps\project_graph_scale_074-613297714acc15f5.exe)

running 3 tests
SCALE074 personal_first_attach_ms=28.84
SCALE074 reopen_db_bytes=172032
SCALE074 reopen_ms=3.71 projects=1 refs=50
test reopen_duration_after_scale ... ok
test lab_scale_100_projects has been running for over 60 seconds
test personal_scale_10_projects_1000_refs has been running for over 60 seconds
SCALE074 lab_mutations: ops=800 total_ms=328157.4 mean_ms_per_op=410.197
SCALE074 lab_list_ms=844.12 projects=100
SCALE074 lab_db_bytes=491520
test lab_scale_100_projects ... ok
error: test failed, to rerun pass `-p medscale-core --test project_graph_scale_074`

Caused by:
  process didn't exit successfully: `C:\Users\Shehr\work\MedScale-074\target\debug\deps\project_graph_scale_074-613297714acc15f5.exe --nocapture` (exit code: 1)
